INSERT INTO "t043_crossings" VALUES(12103423998558210,NULL,NULL,X'0001E610000000000000E0EB1F4100000000C0323C4100000000E0EB1F4100000000C0323C417C0100000000000000E0EB1F4100000000C0323C41FE');
INSERT INTO "t043_crossings" VALUES(12103423998558250,NULL,NULL,X'0001E61000000000000000BD1F410000000080133C410000000000BD1F410000000080133C417C010000000000000000BD1F410000000080133C41FE');
INSERT INTO "t043_crossings" VALUES(12103423998558251,NULL,NULL,X'0001E610000000000000A0CC1F410000000068173C4100000000A0CC1F410000000068173C417C0100000000000000A0CC1F410000000068173C41FE');
INSERT INTO "t043_crossings" VALUES(12103423998558274,NULL,NULL,X'0001E6100000000000003015204100000000C0323C41000000003015204100000000C0323C417C01000000000000003015204100000000C0323C41FE');
INSERT INTO "t043_crossings" VALUES(12103423998558286,NULL,NULL,X'0001E6100000000000009005204100000000D82E3C41000000009005204100000000D82E3C417C01000000000000009005204100000000D82E3C41FE');
INSERT INTO "t043_crossings" VALUES(12103423998558288,NULL,NULL,X'0001E610000000000000E0EB1F4100000000F02A3C4100000000E0EB1F4100000000F02A3C417C0100000000000000E0EB1F4100000000F02A3C41FE');
INSERT INTO "t043_crossings" VALUES(12103423998558289,NULL,NULL,X'0001E61000000000000080FB1F4100000000A8363C410000000080FB1F4100000000A8363C417C010000000000000080FB1F4100000000A8363C41FE');
INSERT INTO "t043_crossings" VALUES(12103423998558290,NULL,NULL,X'0001E610000000000000403C204100000000C0323C4100000000403C204100000000C0323C417C0100000000000000403C204100000000C0323C41FE');
INSERT INTO "t043_crossings" VALUES(12103423998558291,NULL,NULL,X'0001E610000000000000D024204100000000C0323C4100000000D024204100000000C0323C417C0100000000000000D024204100000000C0323C41FE');
INSERT INTO "t043_crossings" VALUES(12103423998558292,NULL,NULL,X'0001E610000000000000600D204100000000F02A3C4100000000600D204100000000F02A3C417C0100000000000000600D204100000000F02A3C41FE');
INSERT INTO "t043_crossings" VALUES(12103423998558293,NULL,NULL,X'0001E610000000000000703420410000000060423C4100000000703420410000000060423C417C0100000000000000703420410000000060423C41FE');
INSERT INTO "t043_crossings" VALUES(12103423998558294,NULL,NULL,X'0001E610000000000000403C204100000000783E3C4100000000403C204100000000783E3C417C0100000000000000403C204100000000783E3C41FE');
INSERT INTO "t043_crossings" VALUES(12103423998558296,NULL,NULL,X'0001E610000000000000A02C204100000000903A3C4100000000A02C204100000000903A3C417C0100000000000000A02C204100000000903A3C41FE');
INSERT INTO "t043_crossings" VALUES(12103423998558297,NULL,NULL,X'0001E610000000000000001D20410000000060423C4100000000001D20410000000060423C417C0100000000000000001D20410000000060423C41FE');
INSERT INTO "t043_crossings" VALUES(12103423998558298,NULL,NULL,X'0001E610000000000000A02C20410000000060423C4100000000A02C20410000000060423C417C0100000000000000A02C20410000000060423C41FE');
INSERT INTO "t043_crossings" VALUES(12103423998558299,NULL,NULL,X'0001E610000000000000A02C204100000000A8363C4100000000A02C204100000000A8363C417C0100000000000000A02C204100000000A8363C41FE');
INSERT INTO "t060_road_places" VALUES(16888498602639440,'rp40',1688849860511154,NULL,NULL);
INSERT INTO "t060_road_places" VALUES(16888498602639441,'rp41',1688849860511154,NULL,NULL);
INSERT INTO "t060_road_places" VALUES(16888498602639442,'rp42',1688849860530938,NULL,NULL);
INSERT INTO "t060_road_places" VALUES(16888498602639443,'rp43',1688849860530938,NULL,NULL);
INSERT INTO "t060_road_places" VALUES(16888498602639445,'rp45',1688849860511154,NULL,NULL);
INSERT INTO "t060_road_places" VALUES(16888498602639446,'rp46',1688849860530938,NULL,NULL);
INSERT INTO "t060_road_places" VALUES(16888498602639447,'rp47',1688849860511154,NULL,NULL);
INSERT INTO "t060_road_places" VALUES(16888498602639450,'rp50',1688849860530920,NULL,NULL);
INSERT INTO "t014_road_chunks" VALUES(3940649673941045,12103423998558210,1,4222124650659845,400.0,NULL,NULL,NULL,NULL,NULL,NULL,NULL,NULL,NULL,NULL,NULL,NULL);
INSERT INTO "t014_road_chunks" VALUES(3940649673945050,12103423998558250,0,4222124650659850,0.0,NULL,NULL,NULL,NULL,NULL,NULL,NULL,NULL,NULL,NULL,NULL,NULL);
INSERT INTO "t014_road_chunks" VALUES(3940649673945150,12103423998558251,1,4222124650659850,200.0,NULL,NULL,NULL,NULL,NULL,NULL,NULL,NULL,NULL,NULL,NULL,NULL);
INSERT INTO "t014_road_chunks" VALUES(3940649673947441,12103423998558274,2,4222124650659841,750.0,NULL,NULL,NULL,NULL,NULL,NULL,NULL,NULL,NULL,NULL,NULL,NULL);
INSERT INTO "t014_road_chunks" VALUES(3940649673948640,12103423998558286,0,4222124650659840,0.0,NULL,NULL,NULL,NULL,NULL,NULL,NULL,NULL,NULL,NULL,NULL,NULL);
INSERT INTO "t014_road_chunks" VALUES(3940649673948641,12103423998558286,1,4222124650659841,300.0,NULL,NULL,NULL,NULL,NULL,NULL,NULL,NULL,NULL,NULL,NULL,NULL);
INSERT INTO "t014_road_chunks" VALUES(3940649673948645,12103423998558286,0,4222124650659845,0.0,NULL,NULL,NULL,NULL,NULL,NULL,NULL,NULL,NULL,NULL,NULL,NULL);
INSERT INTO "t014_road_chunks" VALUES(3940649673948841,12103423998558288,0,4222124650659841,0.0,NULL,NULL,NULL,NULL,NULL,NULL,NULL,NULL,NULL,NULL,NULL,NULL);
INSERT INTO "t014_road_chunks" VALUES(3940649673948847,12103423998558288,0,4222124650659847,0.0,NULL,NULL,NULL,NULL,NULL,NULL,NULL,NULL,NULL,NULL,NULL,NULL);
INSERT INTO "t014_road_chunks" VALUES(3940649673948940,12103423998558289,1,4222124650659840,200.0,NULL,NULL,NULL,NULL,NULL,NULL,NULL,NULL,NULL,NULL,NULL,NULL);
INSERT INTO "t014_road_chunks" VALUES(3940649673949046,12103423998558290,2,4222124650659846,2000.0,NULL,NULL,NULL,NULL,NULL,NULL,NULL,NULL,NULL,NULL,NULL,NULL);
INSERT INTO "t014_road_chunks" VALUES(3940649673949146,12103423998558291,1,4222124650659846,400.0,NULL,NULL,NULL,NULL,NULL,NULL,NULL,NULL,NULL,NULL,NULL,NULL);
INSERT INTO "t014_road_chunks" VALUES(3940649673949247,12103423998558292,1,4222124650659847,200.0,NULL,NULL,NULL,NULL,NULL,NULL,NULL,NULL,NULL,NULL,NULL,NULL);
INSERT INTO "t014_road_chunks" VALUES(3940649673949341,12103423998558293,3,4222124650659841,1700.0,NULL,NULL,NULL,NULL,NULL,NULL,NULL,NULL,NULL,NULL,NULL,NULL);
INSERT INTO "t014_road_chunks" VALUES(3940649673949343,12103423998558293,0,4222124650659843,0.0,NULL,NULL,NULL,NULL,NULL,NULL,NULL,NULL,NULL,NULL,NULL,NULL);
INSERT INTO "t014_road_chunks" VALUES(3940649673949344,12103423998558293,1,4222124650659844,800.0,NULL,NULL,NULL,NULL,NULL,NULL,NULL,NULL,NULL,NULL,NULL,NULL);
INSERT INTO "t014_road_chunks" VALUES(3940649673949346,12103423998558293,0,4222124650659846,0.0,NULL,NULL,NULL,NULL,NULL,NULL,NULL,NULL,NULL,NULL,NULL,NULL);
INSERT INTO "t014_road_chunks" VALUES(3940649673949444,12103423998558294,2,4222124650659844,1600.0,NULL,NULL,NULL,NULL,NULL,NULL,NULL,NULL,NULL,NULL,NULL,NULL);
INSERT INTO "t014_road_chunks" VALUES(3940649673949643,12103423998558296,1,4222124650659843,100.0,NULL,NULL,NULL,NULL,NULL,NULL,NULL,NULL,NULL,NULL,NULL,NULL);
INSERT INTO "t014_road_chunks" VALUES(3940649673949742,12103423998558297,1,4222124650659842,300.0,NULL,NULL,NULL,NULL,NULL,NULL,NULL,NULL,NULL,NULL,NULL,NULL);
INSERT INTO "t014_road_chunks" VALUES(3940649673949842,12103423998558298,0,4222124650659842,0.0,NULL,NULL,NULL,NULL,NULL,NULL,NULL,NULL,NULL,NULL,NULL,NULL);
INSERT INTO "t014_road_chunks" VALUES(3940649673949844,12103423998558298,0,4222124650659844,0.0,NULL,NULL,NULL,NULL,NULL,NULL,NULL,NULL,NULL,NULL,NULL,NULL);
INSERT INTO "t014_road_chunks" VALUES(3940649673949943,12103423998558299,2,4222124650659843,150.0,NULL,NULL,NULL,NULL,NULL,NULL,NULL,NULL,NULL,NULL,NULL,NULL);
INSERT INTO "t006_cities" VALUES(1688849860511154,'City54',NULL,NULL);
INSERT INTO "t006_cities" VALUES(1688849860511295,'City95',NULL,NULL);
INSERT INTO "t006_cities" VALUES(1688849860530920,'City20',NULL,NULL);
INSERT INTO "t006_cities" VALUES(1688849860530938,'City38',NULL,NULL);
INSERT INTO "t015_roads" VALUES(4222124650659840,NULL,'16888498602639440');
INSERT INTO "t015_roads" VALUES(4222124650659841,NULL,'16888498602639441');
INSERT INTO "t015_roads" VALUES(4222124650659842,NULL,'16888498602639444');
INSERT INTO "t015_roads" VALUES(4222124650659843,NULL,'16888498602639443');
INSERT INTO "t015_roads" VALUES(4222124650659844,NULL,NULL);
INSERT INTO "t015_roads" VALUES(4222124650659845,NULL,'16888498602639445');
INSERT INTO "t015_roads" VALUES(4222124650659846,NULL,'16888498602639446');
INSERT INTO "t015_roads" VALUES(4222124650659847,NULL,'16888498602639447');
INSERT INTO "t015_roads" VALUES(4222124650659850,NULL,'16888498602639450');
