--- This is an exact export of what is used in route planner unit tests, and matches wiki network schema
INSERT INTO "t059_data_sources" VALUES(16607023625928705,'test source','','',27572);
INSERT INTO "t047_online_reservation_rules" VALUES(13229323905400833,5910974511914805,'','',0,0,1,0,0,1000,'','contact@rcsmobility.com','Centrale de reservation RCS',0,0,0,0);
INSERT INTO "t006_cities" VALUES(1688849860511154,'City54','',NULL);
INSERT INTO "t006_cities" VALUES(1688849860511295,'City95','',NULL);
INSERT INTO "t006_cities" VALUES(1688849860530938,'City38','',NULL);
INSERT INTO "t060_road_places" VALUES(16888498602639440,'rp40',1688849860511154,'',0);
INSERT INTO "t060_road_places" VALUES(16888498602639441,'rp41',1688849860511154,'',0);
INSERT INTO "t060_road_places" VALUES(16888498602639541,'rp41',1688849860530938,'',0);
INSERT INTO "t060_road_places" VALUES(16888498602639442,'rp42',1688849860530938,'',0);
INSERT INTO "t060_road_places" VALUES(16888498602639443,'rp43',1688849860530938,'',0);
INSERT INTO "t060_road_places" VALUES(16888498602639445,'rp45',1688849860511154,'',0);
INSERT INTO "t060_road_places" VALUES(16888498602639446,'rp46',1688849860530938,'',0);
INSERT INTO "t060_road_places" VALUES(16888498602639447,'rp47',1688849860511154,'',0);
INSERT INTO "t015_roads" VALUES(4222124650659840,0,'16888498602639440');
INSERT INTO "t015_roads" VALUES(4222124650659841,0,'16888498602639441,16888498602639541');
INSERT INTO "t015_roads" VALUES(4222124650659842,0,'16888498602639442');
INSERT INTO "t015_roads" VALUES(4222124650659843,0,'16888498602639443');
INSERT INTO "t015_roads" VALUES(4222124650659844,0,'16888498602639442');
INSERT INTO "t015_roads" VALUES(4222124650659845,0,'16888498602639445');
INSERT INTO "t015_roads" VALUES(4222124650659846,0,'16888498602639446');
INSERT INTO "t015_roads" VALUES(4222124650659847,0,'16888498602639447');
INSERT INTO "t043_crossings" VALUES(12103423998558210,'','',X'0001E610000000000000E0EB1F4100000000C0323C4100000000E0EB1F4100000000C0323C417C0100000000000000E0EB1F4100000000C0323C41FE');
INSERT INTO "t043_crossings" VALUES(12103423998558274,'','',X'0001E6100000000000003015204100000000C0323C41000000003015204100000000C0323C417C01000000000000003015204100000000C0323C41FE');
INSERT INTO "t043_crossings" VALUES(12103423998558286,'','',X'0001E6100000000000009005204100000000D82E3C41000000009005204100000000D82E3C417C01000000000000009005204100000000D82E3C41FE');
INSERT INTO "t043_crossings" VALUES(12103423998558288,'','',X'0001E610000000000000E0EB1F4100000000F02A3C4100000000E0EB1F4100000000F02A3C417C0100000000000000E0EB1F4100000000F02A3C41FE');
INSERT INTO "t043_crossings" VALUES(12103423998558289,'','',X'0001E61000000000000080FB1F4100000000A8363C410000000080FB1F4100000000A8363C417C010000000000000080FB1F4100000000A8363C41FE');
INSERT INTO "t043_crossings" VALUES(12103423998558290,'','',X'0001E610000000000000403C204100000000C0323C4100000000403C204100000000C0323C417C0100000000000000403C204100000000C0323C41FE');
INSERT INTO "t043_crossings" VALUES(12103423998558291,'','',X'0001E610000000000000D024204100000000C0323C4100000000D024204100000000C0323C417C0100000000000000D024204100000000C0323C41FE');
INSERT INTO "t043_crossings" VALUES(12103423998558292,'','',X'0001E610000000000000600D204100000000F02A3C4100000000600D204100000000F02A3C417C0100000000000000600D204100000000F02A3C41FE');
INSERT INTO "t043_crossings" VALUES(12103423998558293,'','',X'0001E610000000000000703420410000000060423C4100000000703420410000000060423C417C0100000000000000703420410000000060423C41FE');
INSERT INTO "t043_crossings" VALUES(12103423998558294,'','',X'0001E610000000000000403C204100000000783E3C4100000000403C204100000000783E3C417C0100000000000000403C204100000000783E3C41FE');
INSERT INTO "t043_crossings" VALUES(12103423998558296,'','',X'0001E610000000000000A02C204100000000903A3C4100000000A02C204100000000903A3C417C0100000000000000A02C204100000000903A3C41FE');
INSERT INTO "t043_crossings" VALUES(12103423998558297,'','',X'0001E610000000000000001D20410000000060423C4100000000001D20410000000060423C417C0100000000000000001D20410000000060423C41FE');
INSERT INTO "t043_crossings" VALUES(12103423998558298,'','',X'0001E610000000000000A02C20410000000060423C4100000000A02C20410000000060423C417C0100000000000000A02C20410000000060423C41FE');
INSERT INTO "t043_crossings" VALUES(12103423998558299,'','',X'0001E610000000000000A02C204100000000A8363C4100000000A02C204100000000A8363C417C0100000000000000A02C204100000000A8363C41FE');
INSERT INTO "t014_road_chunks" VALUES(3940649673949274,12103423998558274,2,4222124650659841,750.0,0,0,0,0,65,65,0,1.38888888888888892834e+01,0,0,0,NULL);
INSERT INTO "t014_road_chunks" VALUES(3940649673949186,12103423998558286,1,4222124650659841,300.0,0,0,0,0,65,65,0,1.38888888888888892834e+01,0,0,0,NULL);
INSERT INTO "t014_road_chunks" VALUES(3940649673949187,12103423998558286,0,4222124650659840,0.0,0,0,0,0,65,65,0,1.38888888888888892834e+01,0,0,0,NULL);
INSERT INTO "t014_road_chunks" VALUES(3940649673949188,12103423998558289,1,4222124650659840,200.0,0,0,0,0,65,65,0,1.38888888888888892834e+01,0,0,0,NULL);
INSERT INTO "t014_road_chunks" VALUES(3940649673949189,12103423998558291,1,4222124650659846,400.0,0,0,0,0,65,65,0,1.38888888888888892834e+01,0,0,0,NULL);
INSERT INTO "t014_road_chunks" VALUES(3940649673949190,12103423998558290,2,4222124650659846,2000.0,0,0,0,0,65,65,0,1.38888888888888892834e+01,0,0,0,NULL);
INSERT INTO "t014_road_chunks" VALUES(3940649673949193,12103423998558293,1,4222124650659844,800.0,0,0,0,0,65,65,0,1.38888888888888892834e+01,0,0,0,NULL);
INSERT INTO "t014_road_chunks" VALUES(3940649673949194,12103423998558294,2,4222124650659844,1600.0,0,0,0,0,65,65,0,1.38888888888888892834e+01,0,0,0,NULL);
INSERT INTO "t014_road_chunks" VALUES(3940649673949197,12103423998558297,1,4222124650659842,200.0,0,0,0,0,65,65,0,1.38888888888888892834e+01,0,0,0,NULL);
INSERT INTO "t014_road_chunks" VALUES(3940649673949199,12103423998558299,2,4222124650659843,150.0,0,0,0,0,65,65,0,1.38888888888888892834e+01,0,0,0,NULL);
INSERT INTO "t014_road_chunks" VALUES(3940649673949288,12103423998558288,0,4222124650659841,0.0,0,0,0,0,65,65,0,1.38888888888888892834e+01,0,0,0,NULL);
INSERT INTO "t014_road_chunks" VALUES(3940649673949292,12103423998558292,1,4222124650659847,200.0,0,0,0,0,65,65,0,1.38888888888888892834e+01,0,0,0,NULL);
INSERT INTO "t014_road_chunks" VALUES(3940649673949293,12103423998558293,3,4222124650659841,1700.0,0,0,0,0,65,65,0,1.38888888888888892834e+01,0,0,0,NULL);
INSERT INTO "t014_road_chunks" VALUES(3940649673949298,12103423998558298,0,4222124650659842,0.0,0,0,0,0,65,65,0,1.38888888888888892834e+01,0,0,0,NULL);
INSERT INTO "t014_road_chunks" VALUES(3940649673949393,12103423998558293,0,4222124650659843,0.0,0,0,0,0,65,65,0,1.38888888888888892834e+01,0,0,0,NULL);
INSERT INTO "t014_road_chunks" VALUES(3940649673949396,12103423998558296,1,4222124650659843,100.0,0,0,0,0,65,65,0,1.38888888888888892834e+01,0,0,0,NULL);
INSERT INTO "t014_road_chunks" VALUES(3940649673949410,12103423998558210,1,4222124650659845,400.0,0,0,0,0,65,65,0,1.38888888888888892834e+01,0,0,0,NULL);
INSERT INTO "t014_road_chunks" VALUES(3940649673949498,12103423998558298,0,4222124650659844,0.0,0,0,0,0,65,65,0,1.38888888888888892834e+01,0,0,0,NULL);
INSERT INTO "t014_road_chunks" VALUES(3940649673949546,12103423998558286,0,4222124650659845,0.0,0,0,0,0,65,65,0,1.38888888888888892834e+01,0,0,0,NULL);
INSERT INTO "t014_road_chunks" VALUES(3940649673949693,12103423998558293,0,4222124650659846,0.0,0,0,0,0,65,65,0,1.38888888888888892834e+01,0,0,0,NULL);
INSERT INTO "t014_road_chunks" VALUES(3940649673949788,12103423998558288,0,4222124650659847,0.0,0,0,0,0,65,65,0,1.38888888888888892834e+01,0,0,0,NULL);
INSERT INTO "t061_pt_use_rules" VALUES(2305843009213693953,'Compulsory reservation',' 1',3,0,10,0,0,60,'23:59:00',NULL,'',0,0,0,0);
INSERT INTO "t061_pt_use_rules" VALUES(2305843009213693954,'1 seat only',' 1',0,0,0,0,0,0,NULL,NULL,'',0,0,0,0);
INSERT INTO "t021_reservation_contacts" VALUES(5910974511914805,'','0800 929 929 (gratuit depuis un poste fixe) ou 05 34 25 33 75','entre 6h30 et 22h30','Test','');
INSERT INTO "t022_transport_networks" VALUES(6192449487677434,'Network34','',0,0,'','','',0,0,'');
INSERT INTO "t022_transport_networks" VALUES(6192449487677437,'Network37','',0,0,'','','',0,0,'');
INSERT INTO "t042_commercial_lines" VALUES(11821949021891592,0,'','92','','','','vertfonce','','','',0,2305843009213693954,0,0,0,'','',0,NULL,0);
INSERT INTO "t042_commercial_lines" VALUES(11821949021891593,0,'','93','','','','bleuclair','','','',0,0,0,0,0,'','',0,NULL,0);
INSERT INTO "t042_commercial_lines" VALUES(11821949021891594,0,'','94','','','','orange','','','',0,0,2305843009213693953,0,0,'','',0,NULL,0);
INSERT INTO "t042_commercial_lines" VALUES(11821949021891595,0,'','95','','','','rouge','','','',0,0,0,0,0,'','',0,NULL,0);
INSERT INTO "t042_commercial_lines" VALUES(11821949021891596,0,'','96','','','','jaune','','','',0,0,0,0,0,'','',0,NULL,0);
INSERT INTO "t042_commercial_lines" VALUES(11821949021891597,0,'','97','','','','rose','','','',0,0,0,0,0,'','',0,NULL,0);
INSERT INTO "t042_commercial_lines" VALUES(11821949021891598,0,'','98','','','','vertclair','','','',0,0,0,0,0,'','',0,NULL,0);
INSERT INTO "t009_lines" VALUES(2533274790397692,'',11821949021891592,'92.1','',0,0,13792273858822157,0,0,0,0,'',0,0.0);
INSERT INTO "t009_lines" VALUES(2533274790397693,'',11821949021891593,'93.2','',0,0,13792273858822157,0,0,0,0,'',0,0.0);
INSERT INTO "t009_lines" VALUES(2533274790397694,'',11821949021891594,'94.3','',0,0,13792273858822157,0,0,0,0,'',0,0.0);
INSERT INTO "t009_lines" VALUES(2533274790397695,'',11821949021891595,'95.1','',0,0,13792273858822157,0,0,0,0,'',0,0.0);
INSERT INTO "t009_lines" VALUES(2533274790397696,'',11821949021891596,'96.1','',0,0,13792273858822157,0,0,0,0,'',0,0.0);
INSERT INTO "t009_lines" VALUES(2533274790397697,'',11821949021891597,'97','',0,0,13792273858822157,0,0,0,0,'',0,0.0);
INSERT INTO "t009_lines" VALUES(2533274790397698,'',11821949021891598,'98','',0,0,13792273858822157,0,0,0,0,'',0,0.0);
INSERT INTO "t007_connection_places" VALUES(1970324837184593,'93',1688849860511154,1,0,8,'562949953421389:3377699720880573:0',0,'','','','',0,0.0,0.0,NULL);
INSERT INTO "t007_connection_places" VALUES(1970324837184594,'94',1688849860511154,1,0,8,'562949953421374:3377699720880574:0,562949953421374:3377699720880575:0,3377699720880574:562949953421374:0,3377699720880574:3377699720880575:11,3377699720880575:562949953421374:0,3377699720880575:3377699720880574:12',0,'','','','',0,0.0,0.0,NULL);
INSERT INTO "t007_connection_places" VALUES(1970324837184595,'95',1688849860511295,0,0,8,'562949953421374:3377699720880574:0,562949953421374:3377699720880575:0,3377699720880574:562949953421374:0,3377699720880574:3377699720880575:11,3377699720880575:562949953421374:0,3377699720880575:3377699720880574:12',0,'','','','',0,0.0,0.0,NULL);
INSERT INTO "t007_connection_places" VALUES(1970324837184596,'96',1688849860530938,0,0,8,'',0,'','','','',0,0.0,0.0,NULL);
INSERT INTO "t007_connection_places" VALUES(1970324837184597,'97',1688849860530938,1,0,8,'562949953421396:3377699720880580:0,562949953421399:3377699720880579:0,3377699720880579:562949953421399:0,3377699720880580:562949953421396:0',0,'','','','',0,0.0,0.0,NULL);
INSERT INTO "t007_connection_places" VALUES(1970324837184598,'98',1688849860530938,1,0,8,'',0,'','','','',0,0.0,0.0,NULL);
INSERT INTO "t007_connection_places" VALUES(1970324837184599,'99',1688849860530938,1,0,8,'562949953421390:3377699720880585:0,3377699720880585:562949953421390:0',0,'','','','',0,0.0,0.0,NULL);
INSERT INTO "t007_connection_places" VALUES(1970324837184605,'05',1688849860511154,1,0,8,'562949953421410:3377699720880586:0',0,'','','','',0,0.0,0.0,NULL);
INSERT INTO "t007_connection_places" VALUES(1970324837184606,'06',1688849860511154,1,0,8,'',0,'','','','',0,0.0,0.0,NULL);
INSERT INTO "t007_connection_places" VALUES(1970324837184607,'07',1688849860511154,1,0,8,'',0,'','','','',0,0.0,0.0,NULL);
INSERT INTO "t012_physical_stops" VALUES(3377699720880573,'93/73',1970324837184593,0.0,0.0,'',3940649673949188,0.0,0,X'0001E61000000E4B0CDA20BFF53F0F77107A6BCF45400E4B0CDA20BFF53F0F77107A6BCF45407C010000000E4B0CDA20BFF53F0F77107A6BCF4540FE');
INSERT INTO "t012_physical_stops" VALUES(3377699720880575,'94/75',1970324837184594,0.0,0.0,'',3940649673949274,0.0,0,X'0001E6100000B0B60A61B325F63FFC1D21B925CD4540B0B60A61B325F63FFC1D21B925CD45407C01000000B0B60A61B325F63FFC1D21B925CD4540FE');
INSERT INTO "t012_physical_stops" VALUES(3377699720880576,'95/76',1970324837184595,0.0,0.0,'',3940649673949197,0.0,0,X'0001E61000000B30CEBAF732F63F352435818ACD45400B30CEBAF732F63F352435818ACD45407C010000000B30CEBAF732F63F352435818ACD4540FE');
INSERT INTO "t012_physical_stops" VALUES(3377699720880577,'96/77',1970324837184596,0.0,0.0,'',0,0.0,0,X'0001E6100000A4AA5072A055F63FD2075C8356D24540A4AA5072A055F63FD2075C8356D245407C01000000A4AA5072A055F63FD2075C8356D24540FE');
INSERT INTO "t012_physical_stops" VALUES(3377699720880578,'96/78',1970324837184596,0.0,0.0,'',0,0.0,0,X'0001E6100000A4AA5072A055F63FD2075C8356D24540A4AA5072A055F63FD2075C8356D245407C01000000A4AA5072A055F63FD2075C8356D24540FE');
INSERT INTO "t012_physical_stops" VALUES(3377699720880579,'97/79',1970324837184597,0.0,0.0,'',3940649673949199,0.0,0,X'0001E61000007B076D6CABBDF63F48A3263A30CD45407B076D6CABBDF63F48A3263A30CD45407C010000007B076D6CABBDF63F48A3263A30CD4540FE');
INSERT INTO "t012_physical_stops" VALUES(3377699720880580,'97/80',1970324837184597,0.0,0.0,'',3940649673949396,0.0,0,X'0001E61000000C1869167DBCF63F4C4F92387DCF45400C1869167DBCF63F4C4F92387DCF45407C010000000C1869167DBCF63F4C4F92387DCF4540FE');
INSERT INTO "t012_physical_stops" VALUES(3377699720880581,'98/81',1970324837184598,0.0,0.0,'',3940649673949189,0.0,0,X'0001E6100000FEB22E7F9C8BF63FB6B9624706CC4540FEB22E7F9C8BF63FB6B9624706CC45407C01000000FEB22E7F9C8BF63FB6B9624706CC4540FE');
INSERT INTO "t012_physical_stops" VALUES(3377699720880582,'98/82',1970324837184598,0.0,0.0,'',0,0.0,0,X'0001E6100000FEB22E7F9C8BF63FB6B9624706CC4540FEB22E7F9C8BF63FB6B9624706CC45407C01000000FEB22E7F9C8BF63FB6B9624706CC4540FE');
INSERT INTO "t012_physical_stops" VALUES(3377699720880583,'99/83',1970324837184599,0.0,0.0,'',3940649673949194,0.0,0,X'0001E610000045297329AF20F73FE02A90FFD0D1454045297329AF20F73FE02A90FFD0D145407C0100000045297329AF20F73FE02A90FFD0D14540FE');
INSERT INTO "t012_physical_stops" VALUES(3377699720880584,'99/84',1970324837184599,0.0,0.0,'',3940649673949190,0.0,0,X'0001E6100000E6FE2EB1FB22F73F100285FF36CD4540E6FE2EB1FB22F73F100285FF36CD45407C01000000E6FE2EB1FB22F73F100285FF36CD4540FE');
INSERT INTO "t012_physical_stops" VALUES(3377699720880585,'99/85',1970324837184599,0.0,0.0,'',3940649673949190,0.0,0,X'0001E610000023240A85D521F73F579482FE83CF454023240A85D521F73F579482FE83CF45407C0100000023240A85D521F73F579482FE83CF4540FE');
INSERT INTO "t012_physical_stops" VALUES(3377699720880586,'05/86',1970324837184605,0.0,0.0,'',3940649673949410,0.0,0,X'0001E61000002452B4C7BB8DF53FF6DD58CD1ACD45402452B4C7BB8DF53FF6DD58CD1ACD45407C010000002452B4C7BB8DF53FF6DD58CD1ACD4540FE');
INSERT INTO "t012_physical_stops" VALUES(3377699720880606,'06',1970324837184606,0.0,0.0,'',0,0.0,0,X'0001E61000006E63F06988B9F63F9D819DBD3DD545406E63F06988B9F63F9D819DBD3DD545407C010000006E63F06988B9F63F9D819DBD3DD54540FE');
INSERT INTO "t012_physical_stops" VALUES(3377699720880607,'07',1970324837184607,0.0,0.0,'',0,0.0,0,X'0001E6100000F701657A6521F63FE57A7F3933D54540F701657A6521F63FE57A7F3933D545407C01000000F701657A6521F63FE57A7F3933D54540FE');
INSERT INTO "t010_line_stops" VALUES(2814749767106560,3377699720880585,2533274790397692,4,0,1,6500.0,1,1,1,0,NULL);
INSERT INTO "t010_line_stops" VALUES(2814749767106561,3377699720880575,2533274790397692,2,1,1,5500.0,1,1,1,0,NULL);
INSERT INTO "t010_line_stops" VALUES(2814749767106562,3377699720880579,2533274790397692,3,1,1,6400.0,1,1,1,0,NULL);
INSERT INTO "t010_line_stops" VALUES(2814749767106563,3377699720880573,2533274790397692,1,1,1,100.0,1,1,1,0,NULL);
INSERT INTO "t010_line_stops" VALUES(2814749767106564,3377699720880573,2533274790397693,0,1,0,6500.0,1,1,1,0,NULL);
INSERT INTO "t010_line_stops" VALUES(2814749767106565,3377699720880581,2533274790397693,1,1,1,12141.0,1,1,1,0,NULL);
INSERT INTO "t010_line_stops" VALUES(2814749767106566,3377699720880575,2533274790397693,2,0,1,12141.0,1,1,1,0,NULL);
INSERT INTO "t010_line_stops" VALUES(2814749767106567,3377699720880583,2533274790397694,0,1,0,14141.0,1,1,1,0,NULL);
INSERT INTO "t010_line_stops" VALUES(2814749767106568,3377699720880573,2533274790397694,4,1,1,17641.0,1,1,1,0,NULL);
INSERT INTO "t010_line_stops" VALUES(2814749767106569,3377699720880585,2533274790397694,1,1,1,15141.0,1,1,1,0,NULL);
INSERT INTO "t010_line_stops" VALUES(2814749767106570,3377699720880576,2533274790397694,3,1,1,17141.0,1,1,1,0,NULL);
INSERT INTO "t010_line_stops" VALUES(2814749767106571,3377699720880580,2533274790397694,2,1,1,16141.0,1,1,1,0,NULL);
INSERT INTO "t010_line_stops" VALUES(2814749767106572,3377699720880575,2533274790397695,0,1,0,17641.0,1,1,1,0,NULL);
INSERT INTO "t010_line_stops" VALUES(2814749767106573,3377699720880584,2533274790397695,1,0,1,17641.0,1,1,1,0,NULL);
INSERT INTO "t010_line_stops" VALUES(2814749767106574,3377699720880579,2533274790397696,0,1,0,17641.0,1,1,1,0,NULL);
INSERT INTO "t010_line_stops" VALUES(2814749767106575,3377699720880585,2533274790397696,1,0,1,17641.0,1,1,1,0,NULL);
INSERT INTO "t010_line_stops" VALUES(2814749767106586,3377699720880586,2533274790397692,0,1,0,0.0,1,1,1,0,NULL);
INSERT INTO "t010_line_stops" VALUES(2814749767109407,3377699720880607,2533274790397694,5,0,1,18641.0,1,1,1,0,NULL);
INSERT INTO "t010_line_stops" VALUES(2814749767109706,3377699720880606,2533274790397697,1,0,1,2000.0,1,1,1,0,NULL);
INSERT INTO "t010_line_stops" VALUES(2814749767109773,3377699720880573,2533274790397697,0,1,0,0.0,1,1,1,0,NULL);
INSERT INTO "t010_line_stops" VALUES(2814749767109806,3377699720880606,2533274790397698,0,1,0,0.0,1,1,1,0,NULL);
INSERT INTO "t010_line_stops" VALUES(2814749767109807,3377699720880607,2533274790397698,1,0,1,2000.0,1,1,1,0,NULL);
INSERT INTO "t049_rolling_stock" VALUES(13792273858822157,'test','','','',0,0.0,0.0,'');
INSERT INTO "t017_continuous_services" VALUES(4503599627379701,'9701','00:00:00#00:21:40,00:21:42#00:00:00',2533274790397697,'00:30:00','00:00:00',0,0,0,'');
INSERT INTO "t017_continuous_services" VALUES(4503599627379801,'9801','00:00:00#00:21:50,00:22:00#00:00:00',2533274790397698,'00:30:00','00:00:00',0,0,0,'');
INSERT INTO "t017_continuous_services" VALUES(4785074604214097,'','00:00:00#00:19:17,00:19:22#00:19:22,00:19:30#00:19:30,00:19:42#00:19:41,00:19:49#00:00:00',2533274790397692,'01:00:00','00:05:00',0,0,0,'');
INSERT INTO "t016_scheduled_services" VALUES(4503599627370501,'1','00:00:00#00:07:00,00:07:05#00:07:05,00:07:10#00:07:10,00:07:15#00:07:14,00:07:15#00:00:00',2533274790397692,0,0,0,'','2015111111111111111111111111111111111111111111111111111111111111111111111111111111111111111111111111111111111111111111111111111111111111111111111111111111111111111111111111111111111111111111111111111111111111111111111111111111111111111111111111111111111111111111111111111111111111111111111111111111111111111111111111111111111111111111111111111111111111111111111111111111','','','','');
INSERT INTO "t016_scheduled_services" VALUES(4503599627370502,'2','00:00:00#00:21:55,00:22:00#00:22:00,00:22:10#00:22:10,00:22:20#00:22:20,00:22:25#00:00:00',2533274790397692,0,0,0,'','2015111111111111111111111111111111111111111111111111111111111111111111111111111111111111111111111111111111111111111111111111111111111111111111111111111111111111111111111111111111111111111111111111111111111111111111111111111111111111111111111111111111111111111111111111111111111111111111111111111111111111111111111111111111111111111111111111111111111111111111111111111111','','','','');
INSERT INTO "t016_scheduled_services" VALUES(4503599627370506,'06','00:00:00#00:21:00,00:21:05#00:21:06,00:21:10#00:21:11,00:21:15#00:21:15,00:21:20#00:21:20,00:22:20#00:00:00',2533274790397694,0,0,0,'','2015111111111111111111111111111111111111111111111111111111111111111111111111111111111111111111111111111111111111111111111111111111111111111111111111111111111111111111111111111111111111111111111111111111111111111111111111111111111111111111111111111111111111111111111111111111111111111111111111111111111111111111111111111111111111111111111111111111111111111111111111111111','','','','');
INSERT INTO "t016_scheduled_services" VALUES(4503599627370507,'7','00:00:00#00:09:00,00:09:10#00:09:11,00:09:20#00:00:00',2533274790397693,0,0,0,'','2015111111111111111111111111111111111111111111111111111111111111111111111111111111111111111111111111111111111111111111111111111111111111111111111111111111111111111111111111111111111111111111111111111111111111111111111111111111111111111111111111111111111111111111111111111111111111111111111111111111111111111111111111111111111111111111111111111111111111111111111111111111','','','','');
INSERT INTO "t016_scheduled_services" VALUES(4503599627370508,'8','00:00:00#00:07:10,00:07:15#00:07:16,00:07:20#00:00:00',2533274790397693,0,0,0,'','2015111111111111111111111111111111111111111111111111111111111111111111111111111111111111111111111111111111111111111111111111111111111111111111111111111111111111111111111111111111111111111111111111111111111111111111111111111111111111111111111111111111111111111111111111111111111111111111111111111111111111111111111111111111111111111111111111111111111111111111111111111111','','','','');
INSERT INTO "t016_scheduled_services" VALUES(4503599627370509,'09','00:00:00#00:10:05,00:10:20#00:00:00',2533274790397695,0,0,0,'','2015111111111111111111111111111111111111111111111111111111111111111111111111111111111111111111111111111111111111111111111111111111111111111111111111111111111111111111111111111111111111111111111111111111111111111111111111111111111111111111111111111111111111111111111111111111111111111111111111111111111111111111111111111111111111111111111111111111111111111111111111111111','','','','');
INSERT INTO "t016_scheduled_services" VALUES(4503599627370510,'10','00:00:00#00:12:05,00:12:10#00:00:00',2533274790397695,0,0,0,'','2015111111111111111111111111111111111111111111111111111111111111111111111111111111111111111111111111111111111111111111111111111111111111111111111111111111111111111111111111111111111111111111111111111111111111111111111111111111111111111111111111111111111111111111111111111111111111111111111111111111111111111111111111111111111111111111111111111111111111111111111111111111','','','','');
INSERT INTO "t016_scheduled_services" VALUES(4503599627370511,'11','00:00:00#00:20:00,00:20:05#00:20:06,00:20:10#00:20:11,00:20:15#00:20:15,00:20:20#00:20:20,00:21:20#00:00:00',2533274790397694,0,0,0,'','2015111111111111111111111111111111111111111111111111111111111111111111111111111111111111111111111111111111111111111111111111111111111111111111111111111111111111111111111111111111111111111111111111111111111111111111111111111111111111111111111111111111111111111111111111111111111111111111111111111111111111111111111111111111111111111111111111111111111111111111111111111111','','','','');
INSERT INTO "t016_scheduled_services" VALUES(4503599627370513,'13','00:00:00#00:19:55,00:20:05#00:00:00',2533274790397696,0,0,0,'','2015111111111111111111111111111111111111111111111111111111111111111111111111111111111111111111111111111111111111111111111111111111111111111111111111111111111111111111111111111111111111111111111111111111111111111111111111111111111111111111111111111111111111111111111111111111111111111111111111111111111111111111111111111111111111111111111111111111111111111111111111111111','','','','');
INSERT INTO "t016_scheduled_services" VALUES(4503599627370514,'14','00:00:00#00:20:20,00:20:25#00:00:00',2533274790397696,0,0,0,'','2015111111111111111111111111111111111111111111111111111111111111111111111111111111111111111111111111111111111111111111111111111111111111111111111111111111111111111111111111111111111111111111111111111111111111111111111111111111111111111111111111111111111111111111111111111111111111111111111111111111111111111111111111111111111111111111111111111111111111111111111111111111','','','','');
INSERT INTO "t016_scheduled_services" VALUES(4503599627370518,'18','00:00:00#00:07:00,00:07:03#00:07:03,00:07:08#00:00:00',2533274790397693,0,0,0,'','2015111111111111111111111111111111111111111111111111111111111111111111111111111111111111111111111111111111111111111111111111111111111111111111111111111111111111111111111111111111111111111111111111111111111111111111111111111111111111111111111111111111111111111111111111111111111111111111111111111111111111111111111111111111111111111111111111111111111111111111111111111111','','','','');
--- Extra stuff
--- An isolated road network
INSERT INTO "t006_cities" VALUES(1688849860530920,'City20','',NULL);
INSERT INTO "t060_road_places" VALUES(16888498602639450,'rp50',1688849860530920,'',0);
INSERT INTO "t015_roads" VALUES(4222124650659850,0,'16888498602639450');
INSERT INTO "t043_crossings" VALUES(12103423998558250,'','',X'0001E61000000000000000BD1F410000000080133C410000000000BD1F410000000080133C417C010000000000000000BD1F410000000080133C41FE');
INSERT INTO "t043_crossings" VALUES(12103423998558251,'','',X'0001E610000000000000A0CC1F410000000068173C4100000000A0CC1F410000000068173C417C0100000000000000A0CC1F410000000068173C41FE');
INSERT INTO "t014_road_chunks" VALUES(3940649673945050,12103423998558250,0,4222124650659850,0.0,0,0,0,0,65,65,0,1.38888888888888892834e+01,0,0,0,NULL);
INSERT INTO "t014_road_chunks" VALUES(3940649673945150,12103423998558251,1,4222124650659850,200.0,0,0,0,0,65,65,0,1.38888888888888892834e+01,0,0,0,NULL);


