BEGIN TRANSACTION;
DELETE FROM t004_axes;
DELETE FROM t005_service_dates;
DELETE FROM t006_cities;
DELETE FROM t043_crossings;
DELETE FROM t007_connection_places;
DELETE FROM t012_physical_stops;
DELETE FROM t002_addresses;
DELETE FROM t008_fares;
DELETE FROM t009_lines;
DELETE FROM t010_line_stops;
DELETE FROM t042_commercial_lines;
DELETE FROM t016_scheduled_services;
DELETE FROM t017_continuous_services;
DELETE FROM t011_place_aliases;
DELETE FROM t013_public_places;
DELETE FROM t018_pedestrian_compliances;
DELETE FROM t019_handicapped_compliances;
DELETE FROM t020_bike_compliances;
DELETE FROM t021_reservation_rules;
DELETE FROM t047_online_reservation_rules;
DELETE FROM t022_transport_networks;
DELETE FROM t015_roads;
DELETE FROM t014_road_chunks;
DELETE FROM t059_data_sources;
COMMIT;

VACUUM;

BEGIN TRANSACTION;
INSERT INTO t004_axes VALUES(1125899906844436,'Test axis 1, non free, allowed',0,1);
INSERT INTO t004_axes VALUES(1125899906844499,'Test axis 2, non free, allowed',0,1);
INSERT INTO t004_axes VALUES(1125899906844501,'Test axis 3, free, allowed',1,1);
INSERT INTO t004_axes VALUES(1125899906844502,'Test axis 4, non free, non allowed',0,0);

INSERT INTO t006_cities(id,name) VALUES(1688849860508968,'City68é');
INSERT INTO t006_cities(id,name) VALUES(1688849860509006,'City6');
INSERT INTO t006_cities(id,name) VALUES(1688849860509012,'City12ç');


INSERT INTO t007_connection_places VALUES(1970324837184593,'93',1688849860508968,3,1,8,'562949953421389:3377699720880573:0',"","");
INSERT INTO t012_physical_stops(id,name,place_id,x,y,operator_code) VALUES(3377699720880573,'93/73',1970324837184593,523261.0,1845337.0,"CTP:StopArea:SPOCE87446179");
INSERT INTO t002_addresses(id,place_id,road_id,metric_offset,x,y) VALUES(562949953421389,1970324837184593,4222124650659840,200,523261.0,1845335.0);
INSERT INTO t002_addresses(id,place_id,road_id,metric_offset,x,y) VALUES(562949953421489,1970324837184593,4222124650659940,0,523261.0,1845335.0);

INSERT INTO t007_connection_places VALUES(1970324837184594,'94',1688849860508968,3,0,8,'3377699720880574:3377699720880575:11,3377699720880575:3377699720880574:12',"","");
INSERT INTO t012_physical_stops(id,name,place_id,x,y) VALUES(3377699720880574,'94/74',1970324837184594,523265,1845334);
INSERT INTO t012_physical_stops(id,name,place_id,x,y,operator_code) VALUES(3377699720880575,'94/75',1970324837184594,523265.0,1845335.0,"CTP:StopArea:SPOCE87353573");
INSERT INTO t002_addresses(id,place_id,road_id,metric_offset,x,y) VALUES(562949953421374,1970324837184594,4222124650659841,1100,523265.0,1845334.0);
INSERT INTO t002_addresses(id,place_id,road_id,metric_offset,x,y) VALUES(562949953421474,1970324837184594,4222124650659941,2400,523265.0,1845334.0);

INSERT INTO t007_connection_places VALUES(1970324837184595,'95',1688849860509006,0,0,8,'562949953421397:3377699720880576:0',"","");
INSERT INTO t012_physical_stops(id,name,place_id,x,y,operator_code) VALUES(3377699720880576,'95/76',1970324837184595,523266.0,1845339.0,"CTP:StopArea:SPOCE87611939");
INSERT INTO t002_addresses(id,place_id,road_id,metric_offset,x,y) VALUES(562949953421397,1970324837184595,4222124650659842,200,523266.0,1845341.0);
INSERT INTO t014_road_chunks(id,address_id,rank_in_path,is_departure,is_arrival) VALUES(3940649673949196,562949953421397,1,0,1);

INSERT INTO t007_connection_places VALUES(1970324837184596,'96',1688849860509012,3,0,8,'',"","");
INSERT INTO t012_physical_stops(id,name,place_id,x,y) VALUES(3377699720880577,'96/77',1970324837184596,528571.0,1845865.0);
INSERT INTO t012_physical_stops(id,name,place_id,x,y) VALUES(3377699720880578,'96/78',1970324837184596,528544.0,1845879.0);

INSERT INTO t007_connection_places VALUES(1970324837184597,'97',1688849860509012,3,1,8,'562949953421396:3377699720880580:0,562949953421399:3377699720880579:0',"","");
INSERT INTO t012_physical_stops(id,name,place_id,x,y,operator_code) VALUES(3377699720880579,'97/79',1970324837184597,523269,1845335,"CTP:StopArea:SPOCE87353599");
INSERT INTO t012_physical_stops(id,name,place_id,x,y) VALUES(3377699720880580,'97/80',1970324837184597,523269.0,1845337.0);
INSERT INTO t002_addresses(id,place_id,road_id,metric_offset,x,y) VALUES(562949953421396,1970324837184597,4222124650659843,100,523269.0,1845337.0);
INSERT INTO t014_road_chunks(id,address_id,rank_in_path,is_departure,is_arrival) VALUES(3940649673949198,562949953421396,1,1,1);
INSERT INTO t002_addresses(id,place_id,road_id,metric_offset,x,y) VALUES(562949953421399,1970324837184597,4222124650659843,150,523269.0,1845335.0);
INSERT INTO t014_road_chunks(id,address_id,rank_in_path,is_departure,is_arrival) VALUES(3940649673949199,562949953421399,2,0,1);

INSERT INTO t007_connection_places VALUES(1970324837184598,'98',1688849860509012,3,0,8,'',"","");
INSERT INTO t012_physical_stops(id,name,place_id,x,y,operator_code) VALUES(3377699720880581,'98/81',1970324837184598,523267.0,1845334.0,"CTP:StopArea:SPOCE87353581");
INSERT INTO t012_physical_stops(id,name,place_id,x,y) VALUES(3377699720880582,'98/82',1970324837184598,523267.0,1845334.0);
INSERT INTO t002_addresses(id,place_id,road_id,metric_offset,x,y) VALUES(562949953421391,1970324837184598,4222124650659841,1900,523267.0,1845334.0);
INSERT INTO t002_addresses(id,place_id,road_id,metric_offset,x,y) VALUES(562949953421491,1970324837184598,4222124650659941,1600,523267.0,1845334.0);

INSERT INTO t007_connection_places VALUES(1970324837184599,'99ç',1688849860509012,5,1,8,'3377699720880585:562949953421390:0,562949953421390:3377699720880585:0',"","");
INSERT INTO t012_physical_stops(id,name,place_id,x,y,operator_code) VALUES(3377699720880583,'99/83',1970324837184599,523272.0,1845339.0,"CTP:StopArea:SPOCE87611467");
INSERT INTO t012_physical_stops(id,name,place_id,x,y) VALUES(3377699720880584,'99/84',1970324837184599,523272.0,1845335.0);
INSERT INTO t012_physical_stops(id,name,place_id,x,y) VALUES(3377699720880585,'99/85',1970324837184599,523272.0,1845337.0);
INSERT INTO t002_addresses(id,place_id,road_id,metric_offset,x,y) VALUES(562949953421390,1970324837184599,4222124650659841,3500,523272.0,1845334.0);
INSERT INTO t002_addresses(id,place_id,road_id,metric_offset,x,y) VALUES(562949953421490,1970324837184599,4222124650659941,0,523272.0,1845334.0);
/* INSERT INTO t002_addresses(id,place_id,road_id,metric_offset,x,y) VALUES(562949953421394,1970324837184599,4222124650659844,1600,523265.0,1845342.0);
INSERT INTO t014_road_chunks(id,address_id,rank_in_path,is_departure,is_arrival) VALUES(3940649673949194,562949953421394,2,0,1);
*/

INSERT INTO t043_crossings(id,city_id) VALUES(12103423998558301,1688849860508968);
INSERT INTO t002_addresses(id,place_id,road_id,metric_offset,x,y) VALUES(562949953421386,12103423998558301,4222124650659840,0,523265.0,1845342.0);
INSERT INTO t002_addresses(id,place_id,road_id,metric_offset,x,y) VALUES(562949953421387,12103423998558301,4222124650659841,300,523265.0,1845342.0);
INSERT INTO t002_addresses(id,place_id,road_id,metric_offset,x,y) VALUES(562949953421486,12103423998558301,4222124650659940,200,523265.0,1845342.0);
INSERT INTO t002_addresses(id,place_id,road_id,metric_offset,x,y) VALUES(562949953421487,12103423998558301,4222124650659941,3200,523265.0,1845342.0);
INSERT INTO t002_addresses(id,place_id,road_id,metric_offset,x,y) VALUES(562949953421411,12103423998558301,4222124650659845,0,523265.0,1845342.0);
INSERT INTO t014_road_chunks(id,address_id,rank_in_path,is_departure,is_arrival) VALUES(3940649673949411,562949953421411,0,1,0);

INSERT INTO t007_connection_places VALUES(1970324837184602,'02',1688849860508968,1,1,2,'',"","");
INSERT INTO t002_addresses(id,place_id,road_id,metric_offset,x,y) VALUES(562949953421388,1970324837184602,4222124650659841,0,523265.0,1845342.0);
INSERT INTO t002_addresses(id,place_id,road_id,metric_offset,x,y) VALUES(562949953421488,1970324837184602,4222124650659941,3500,523265.0,1845342.0);

INSERT INTO t043_crossings(id,city_id) VALUES(12103423998558303,1688849860509012);
INSERT INTO t002_addresses(id,place_id,road_id,metric_offset,x,y) VALUES(562949953421398,12103423998558303,4222124650659842,0,523265.0,1845342.0);
INSERT INTO t014_road_chunks(id,address_id,rank_in_path,is_departure,is_arrival) VALUES(3940649673949197,562949953421398,0,1,0);
INSERT INTO t002_addresses(id,place_id,road_id,metric_offset,x,y) VALUES(562949953421392,12103423998558303,4222124650659844,0,523265.0,1845342.0);
INSERT INTO t014_road_chunks(id,address_id,rank_in_path,is_departure,is_arrival) VALUES(3940649673949191,562949953421392,0,1,0);

INSERT INTO t043_crossings(id,city_id) VALUES(12103423998558304,1688849860509012);
INSERT INTO t002_addresses(id,place_id,road_id,metric_offset,x,y) VALUES(562949953421393,12103423998558304,4222124650659844,800,523265.0,1845342.0);
INSERT INTO t014_road_chunks(id,address_id,rank_in_path,is_departure,is_arrival) VALUES(3940649673949192,562949953421393,1,0,1);
INSERT INTO t002_addresses(id,place_id,road_id,metric_offset,x,y) VALUES(562949953421395,12103423998558304,4222124650659843,0,523265.0,1845342.0);
INSERT INTO t014_road_chunks(id,address_id,rank_in_path,is_departure,is_arrival) VALUES(3940649673949399,562949953421395,0,1,0);

INSERT INTO t007_connection_places VALUES(1970324837184605,'05',1688849860508968,3,1,8,'562949953421410:3377699720880586:0',"","");
INSERT INTO t012_physical_stops(id,name,place_id,x,y) VALUES(3377699720880586,'05/86',1970324837184605,523260,1845335.0);
INSERT INTO t002_addresses(id,place_id,road_id,metric_offset,x,y) VALUES(562949953421410,1970324837184605,4222124650659845,400,523260.0,1845334.0);
INSERT INTO t014_road_chunks(id,address_id,rank_in_path,is_departure,is_arrival) VALUES(3940649673949410,562949953421410,1,0,1);


INSERT INTO t042_commercial_lines VALUES(11821949021891553,6192449487677434,'92','92','','vertfonce','vertfonce','','','');
INSERT INTO t009_lines VALUES(2533274790397692,11821949021891553,1125899906844436,'Network1-Line1',' 1.1','',0,1,1,1,0,2251799814850473,0,0,0,0,0,0,0);
INSERT INTO t010_line_stops VALUES(2814749767106586,3377699720880586,2533274790397692,0,1,0,0.0,'');
INSERT INTO t010_line_stops VALUES(2814749767106563,3377699720880573,2533274790397692,1,1,1,100.0,'');
INSERT INTO t010_line_stops VALUES(2814749767106561,3377699720880575,2533274790397692,2,1,0,5500.0,'');
INSERT INTO t010_line_stops VALUES(2814749767106562,3377699720880579,2533274790397692,3,1,1,6500.0,'');
INSERT INTO t010_line_stops VALUES(2814749767106560,3377699720880585,2533274790397692,4,0,1,6500.0,'');

INSERT INTO t016_scheduled_services VALUES(4503599627370501,'1','00:00:00#00:07:00,00:07:05#00:07:05,00:07:10#00:07:10,00:07:15#00:07:14,00:07:15#00:00:00',2533274790397692,0,0,0,0,"A");
INSERT INTO t005_service_dates VALUES(1407374883553280,4503599627370501,date('now'));
INSERT INTO t005_service_dates VALUES(1407374883553281,4503599627370501,date('now','+1 day'));
INSERT INTO t005_service_dates VALUES(1407374883553282,4503599627370501,date('now','+2 days'));

INSERT INTO t017_continuous_services VALUES(4785074604214097,'','00:00:00#00:19:17,00:19:22#00:19:22,00:19:30#00:19:30,00:19:42#00:19:41,00:19:49#00:00:00',2533274790397692,60,5,0,0,0);
INSERT INTO t005_service_dates VALUES(1407374883553286,4785074604214097,date('now'));
INSERT INTO t005_service_dates VALUES(1407374883553287,4785074604214097,date('now','+1 day'));

INSERT INTO t016_scheduled_services VALUES(4503599627370502,'2','00:00:00#00:21:55,00:22:00#00:22:00,00:22:10#00:22:10,00:22:20#00:22:20,00:22:25#00:00:00',2533274790397692,0,0,0,0,"C");
INSERT INTO t005_service_dates VALUES(1407374883553288,4503599627370502,date('now'));
INSERT INTO t005_service_dates VALUES(1407374883553289,4503599627370502,date('now','+1 day'));


INSERT INTO t042_commercial_lines VALUES(11821949021891554,6192449487677434,'Network1-CommLine2','93','le train (ligne C)','bleuclair','bleuclair','','','');
INSERT INTO t009_lines VALUES(2533274790397693,11821949021891554,1125899906844436,'Network1-Line2',' 1.2','',0,1,1,1,0,2251799814850473,0,0,0,0,0,0,0);
INSERT INTO t010_line_stops VALUES(2814749767106564,3377699720880573,2533274790397693,0,1,0,6500.0,'');
INSERT INTO t010_line_stops VALUES(2814749767106565,3377699720880581,2533274790397693,1,1,1,12141.0,'523265:1845333,523267:1845333');
INSERT INTO t010_line_stops VALUES(2814749767106566,3377699720880575,2533274790397693,2,0,1,12141.0,'');

INSERT INTO t016_scheduled_services VALUES(4503599627370507,'7','00:00:00#00:09:00,00:09:10#00:09:11,00:09:20#00:00:00',2533274790397693,0,0,0,0,"D");
INSERT INTO t005_service_dates VALUES(1407374883553285,4503599627370507,date('now'));
INSERT INTO t005_service_dates VALUES(1407374883553284,4503599627370507,date('now','+1 day'));


INSERT INTO t042_commercial_lines VALUES(11821949021891555,6192449487677434,'Network1-CommLine3','94','','orange','orange','','1970324837184599','');
INSERT INTO t009_lines VALUES(2533274790397694,11821949021891555,1125899906844499,'Network1-Line3',' 1.3','',0,1,1,1,0,2251799814850473,0,0,0,0,5910974511914805,0,0);
INSERT INTO t010_line_stops VALUES(2814749767106567,3377699720880583,2533274790397694,0,1,0,14141.0,'');
INSERT INTO t010_line_stops VALUES(2814749767106569,3377699720880585,2533274790397694,1,1,1,15141.0,'');
INSERT INTO t010_line_stops VALUES(2814749767106571,3377699720880580,2533274790397694,2,1,1,16141.0,'');
INSERT INTO t010_line_stops VALUES(2814749767106570,3377699720880576,2533274790397694,3,1,1,17141.0,'');
INSERT INTO t010_line_stops VALUES(2814749767106568,3377699720880573,2533274790397694,4,0,1,17641.0,'');

INSERT INTO t016_scheduled_services VALUES(4503599627370511,'11','00:00:00#00:20:00,00:20:05#00:20:06,00:20:10#00:20:11,00:20:15#00:20:15,00:20:20#00:00:00',2533274790397694,0,0,0,0,"F");
INSERT INTO t005_service_dates VALUES(1407374883553291,4503599627370511,date('now'));
INSERT INTO t005_service_dates VALUES(1407374883553292,4503599627370511,date('now','+1 day'));

INSERT INTO t016_scheduled_services VALUES(4503599627370506,'6','00:00:00#00:21:00,00:21:05#00:21:06,00:21:10#00:21:11,00:21:15#00:21:15,00:21:20#00:00:00',2533274790397694,0,0,0,0,"F");
INSERT INTO t005_service_dates VALUES(1407374883553300,4503599627370506,date('now'));
INSERT INTO t005_service_dates VALUES(1407374883553301,4503599627370506,date('now','+1 day'));


INSERT INTO t042_commercial_lines VALUES(11821949021891562,6192449487677437,'Network2-CommLine1','95','','rouge','rouge','','','');
INSERT INTO t009_lines VALUES(2533274790397695,11821949021891562,1125899906844501,'Network2-Line1',' 2.1','',0,1,1,1,0,2251799814850473,0,0,0,0,0,0,0);
INSERT INTO t010_line_stops VALUES(2814749767106572,3377699720880575,2533274790397695,0,1,0,17641.0,'');
INSERT INTO t010_line_stops VALUES(2814749767106573,3377699720880584,2533274790397695,1,0,1,17641.0,'');

INSERT INTO t016_scheduled_services VALUES(4503599627370509,'9','00:00:00#00:10:05,00:10:10#00:00:00',2533274790397695,0,0,0,0,"E");
INSERT INTO t005_service_dates VALUES(1407374883553290,4503599627370509,date('now'));
INSERT INTO t005_service_dates VALUES(1407374883553293,4503599627370509,date('now','+1 day'));

INSERT INTO t016_scheduled_services VALUES(4503599627370510,'10','00:00:00#00:12:05,00:12:10#00:00:00',2533274790397695,0,0,0,0,"E");
INSERT INTO t005_service_dates VALUES(1407374883553298,4503599627370510,date('now'));
INSERT INTO t005_service_dates VALUES(1407374883553299,4503599627370510,date('now','+1 day'));


INSERT INTO t042_commercial_lines VALUES(11821949021891563,6192449487677437,'Network2-CommLine2','96','','jaune','jaune','','','');
INSERT INTO t009_lines VALUES(2533274790397696,11821949021891563,1125899906844501,'Network2-Line2',' 96','',0,1,1,1,0,2251799814850473,0,0,0,0,0,0,0);
INSERT INTO t010_line_stops VALUES(2814749767106574,3377699720880579,2533274790397696,0,1,0,17641.0,'');
INSERT INTO t010_line_stops VALUES(2814749767106575,3377699720880585,2533274790397696,1,0,1,17641.0,'');

INSERT INTO t016_scheduled_services VALUES(4503599627370513,'13','00:00:00#00:19:55,00:20:05#00:00:00',2533274790397696,0,0,0,0,"G");
INSERT INTO t005_service_dates VALUES(1407374883553297,4503599627370513,date('now'));
INSERT INTO t005_service_dates VALUES(1407374883553294,4503599627370513,date('now','+1 day'));

INSERT INTO t016_scheduled_services VALUES(4503599627370514,'14','00:00:00#00:20:00,00:20:25#00:00:00',2533274790397696,0,0,0,0,"H");
INSERT INTO t005_service_dates VALUES(1407374883553295,4503599627370514,date('now'));
INSERT INTO t005_service_dates VALUES(1407374883553296,4503599627370514,date('now','+1 day'));

INSERT INTO t015_roads(id,name,city_id) VALUES(4222124650659841,'41i',1688849860508968);
INSERT INTO t014_road_chunks(id,address_id,rank_in_path,is_departure,is_arrival) VALUES(3940649673949184,562949953421388,0,1,0);
INSERT INTO t014_road_chunks(id,address_id,rank_in_path,is_departure,is_arrival) VALUES(3940649673949185,562949953421387,1,1,1);
INSERT INTO t014_road_chunks(id,address_id,rank_in_path,is_departure,is_arrival) VALUES(3940649673949186,562949953421374,2,1,1);
INSERT INTO t014_road_chunks(id,address_id,rank_in_path,is_departure,is_arrival) VALUES(3940649673949189,562949953421391,3,1,1);
INSERT INTO t014_road_chunks(id,address_id,rank_in_path,is_departure,is_arrival) VALUES(3940649673949190,562949953421390,4,0,1);

INSERT INTO t015_roads(id,name,city_id) VALUES(4222124650659941,'41p',1688849860508968);
INSERT INTO t014_road_chunks(id,address_id,rank_in_path,is_departure,is_arrival) VALUES(3940649673949284,562949953421490,0,1,0);
INSERT INTO t014_road_chunks(id,address_id,rank_in_path,is_departure,is_arrival) VALUES(3940649673949285,562949953421491,1,1,1);
INSERT INTO t014_road_chunks(id,address_id,rank_in_path,is_departure,is_arrival) VALUES(3940649673949286,562949953421474,2,1,1);
INSERT INTO t014_road_chunks(id,address_id,rank_in_path,is_departure,is_arrival) VALUES(3940649673949289,562949953421487,3,1,1);
INSERT INTO t014_road_chunks(id,address_id,rank_in_path,is_departure,is_arrival) VALUES(3940649673949290,562949953421488,4,0,1);


INSERT INTO t015_roads(id,name,city_id) VALUES(4222124650659840,'40i',1688849860508968);
INSERT INTO t014_road_chunks(id,address_id,rank_in_path,is_departure,is_arrival) VALUES(3940649673949187,562949953421386,0,1,0);
INSERT INTO t014_road_chunks(id,address_id,rank_in_path,is_departure,is_arrival) VALUES(3940649673949188,562949953421389,1,0,1);

INSERT INTO t015_roads(id,name,city_id) VALUES(4222124650659940,'40p',1688849860508968);
INSERT INTO t014_road_chunks(id,address_id,rank_in_path,is_departure,is_arrival) VALUES(3940649673949287,562949953421489,0,1,0);
INSERT INTO t014_road_chunks(id,address_id,rank_in_path,is_departure,is_arrival) VALUES(3940649673949288,562949953421486,1,0,1);

INSERT INTO t015_roads(id,name,city_id) VALUES(4222124650659842,'42i',1688849860509012);

INSERT INTO t015_roads(id,name,city_id) VALUES(4222124650659843,'43i',1688849860509012);

INSERT INTO t015_roads(id,name,city_id) VALUES(4222124650659844,'44i',1688849860509012);

INSERT INTO t015_roads(id,name,city_id) VALUES(4222124650659845,'45i',1688849860508968);


INSERT INTO t022_transport_networks VALUES(6192449487677434,'Network1','');
INSERT INTO t022_transport_networks VALUES(6192449487677437,'Network2','');

REPLACE INTO t021_reservation_rules(id,reservation_type,online,origin_is_reference,min_delay_minutes,min_delay_days,max_delay_days,hour_deadline,phone_exchange_number,phone_exchange_opening_hours,description,web_site_url) 
	VALUES(5910974511914805,1,1,0,10,0,0,"23:59:00","0800 929 929 (gratuit depuis un poste fixe) ou 05 34 25 33 75","entre 6h30 et 22h30","Test","");
REPLACE INTO t047_online_reservation_rules(id,reservation_rule_id,email,copy_email,needs_surname,needs_address,needs_phone,needs_email,needs_customer_number,max_seat,thresholds)
	VALUES(13229323905400833,5910974511914805,'','',0,0,1,0,0,1000,'');

REPLACE INTO t059_data_sources VALUES(16607023625928705,"test source","Trident");

COMMIT;
