BEGIN TRANSACTION;
DELETE FROM t004_axes;
DELETE FROM t005_service_dates;
DELETE FROM t006_cities;
DELETE FROM t007_connection_places;
DELETE FROM t009_lines;
DELETE FROM t010_line_stops;
DELETE FROM t012_physical_stops;
DELETE FROM t016_scheduled_services;
DELETE FROM t017_continuous_services;
DELETE FROM t042_commercial_lines;
REPLACE INTO t004_axes VALUES(1125899906844436,'Test axis 1, non free, allowed',0,1);
REPLACE INTO t004_axes VALUES(1125899906844499,'Test axis 2, non free, allowed',0,1);
REPLACE INTO t004_axes VALUES(1125899906844501,'Test axis 3, free, allowed',1,1);
REPLACE INTO t004_axes VALUES(1125899906844502,'Test axis 4, non free, non allowed',0,0);
REPLACE INTO t005_service_dates VALUES(1407374883553280,4785074604183667,date('now'));
REPLACE INTO t005_service_dates VALUES(1407374883553281,4785074604183667,date('now','+1 day'));
REPLACE INTO t005_service_dates VALUES(1407374883553282,4785074604183667,date('now','+2 days'));
REPLACE INTO t005_service_dates VALUES(1407374883553286,4785074604214097,date('now'));
REPLACE INTO t005_service_dates VALUES(1407374883553287,4785074604214097,date('now','+2 days'));
REPLACE INTO t006_cities(id,name) VALUES(1688849860508968,'CITY1-nomain');
REPLACE INTO t006_cities(id,name) VALUES(1688849860509006,'CITY2-onlymain');
REPLACE INTO t006_cities(id,name) VALUES(1688849860509012,'CITY3-twomains');
REPLACE INTO t007_connection_places(id,name,city_id,connection_type,is_city_main_connection,default_transfer_delay,transfer_delays) VALUES(1970324837184593,'City1-Stop1-forbidden',1688849860508968,0,0,8,'');
REPLACE INTO t007_connection_places(id,name,city_id,connection_type,is_city_main_connection,default_transfer_delay,transfer_delays) VALUES(1970324837184594,'City1-Stop2-lineline',1688849860508968,3,0,8,'(1:2:11),(2:1:12)');
REPLACE INTO t007_connection_places(id,name,city_id,connection_type,is_city_main_connection,default_transfer_delay,transfer_delays) VALUES(1970324837184595,'City2-Stop1-forbidden-main',1688849860509006,0,1,8,'');
REPLACE INTO t007_connection_places(id,name,city_id,connection_type,is_city_main_connection,default_transfer_delay,transfer_delays) VALUES(1970324837184596,'City3-Stop1-lineline',1688849860509012,3,0,8,'');
REPLACE INTO t007_connection_places(id,name,city_id,connection_type,is_city_main_connection,default_transfer_delay,transfer_delays) VALUES(1970324837184597,'City3-Stop2-lineline-main',1688849860509012,3,1,8,'');
REPLACE INTO t007_connection_places(id,name,city_id,connection_type,is_city_main_connection,default_transfer_delay,transfer_delays) VALUES(1970324837184598,'City3-Stop3-lineline',1688849860509012,3,0,8,'');
REPLACE INTO t007_connection_places(id,name,city_id,connection_type,is_city_main_connection,default_transfer_delay,transfer_delays) VALUES(1970324837184599,'City3-Stop4-recommended-main',1688849860509012,5,1,8,'(1:1:5),(1:2:5),(2:1:5),(2:2:5)');
REPLACE INTO t009_lines VALUES(2533274790397692,11821949021891553,1125899906844436,'Network1-Line1',' 1.1','',0,1,1,1,0,2251799814850473,0,0,0,0,0);
REPLACE INTO t009_lines VALUES(2533274790397693,11821949021891554,1125899906844436,'Network1-Line2',' 1.2','',0,1,1,1,0,2251799814850473,0,0,0,0,0);
REPLACE INTO t009_lines VALUES(2533274790397694,11821949021891555,1125899906844499,'Network1-Line3',' 1.3','',0,1,1,1,0,2251799814850473,0,0,0,0,0);
REPLACE INTO t009_lines VALUES(2533274790397695,11821949021891562,1125899906844501,'Network2-Line1',' 2.1','',0,1,1,1,0,2251799814850473,0,0,0,0,0);
REPLACE INTO t010_line_stops(id,physical_stop_id,line_id,rank_in_path,is_departure,is_arrival,metric_offset,via_points) VALUES(2814749767106560,3377699720880573,2533274790397692,0,1,0,0.0,'');
REPLACE INTO t010_line_stops(id,physical_stop_id,line_id,rank_in_path,is_departure,is_arrival,metric_offset,via_points) VALUES(2814749767106561,3377699720880575,2533274790397692,1,1,1,5500.0,'');
REPLACE INTO t010_line_stops(id,physical_stop_id,line_id,rank_in_path,is_departure,is_arrival,metric_offset,via_points) VALUES(2814749767106562,3377699720880579,2533274790397692,2,1,1,6500.0,'');
REPLACE INTO t010_line_stops(id,physical_stop_id,line_id,rank_in_path,is_departure,is_arrival,metric_offset,via_points) VALUES(2814749767106563,3377699720880585,2533274790397692,3,1,1,6500.0,'');
REPLACE INTO t010_line_stops(id,physical_stop_id,line_id,rank_in_path,is_departure,is_arrival,metric_offset,via_points) VALUES(2814749767106564,3377699720880573,2533274790397693,0,1,1,6500.0,'');
REPLACE INTO t010_line_stops(id,physical_stop_id,line_id,rank_in_path,is_departure,is_arrival,metric_offset,via_points) VALUES(2814749767106565,3377699720880581,2533274790397693,1,1,1,12141.0,'');
REPLACE INTO t010_line_stops(id,physical_stop_id,line_id,rank_in_path,is_departure,is_arrival,metric_offset,via_points) VALUES(2814749767106566,3377699720880575,2533274790397693,2,1,1,12141.0,'');
REPLACE INTO t010_line_stops(id,physical_stop_id,line_id,rank_in_path,is_departure,is_arrival,metric_offset,via_points) VALUES(2814749767106567,3377699720880583,2533274790397694,0,1,1,14141.0,'');
REPLACE INTO t010_line_stops(id,physical_stop_id,line_id,rank_in_path,is_departure,is_arrival,metric_offset,via_points) VALUES(2814749767106568,3377699720880585,2533274790397694,1,1,1,15141.0,'');
REPLACE INTO t010_line_stops(id,physical_stop_id,line_id,rank_in_path,is_departure,is_arrival,metric_offset,via_points) VALUES(2814749767106569,3377699720880580,2533274790397694,2,1,1,16141.0,'');
REPLACE INTO t010_line_stops(id,physical_stop_id,line_id,rank_in_path,is_departure,is_arrival,metric_offset,via_points) VALUES(2814749767106570,3377699720880576,2533274790397694,3,1,1,17141.0,'');
REPLACE INTO t010_line_stops(id,physical_stop_id,line_id,rank_in_path,is_departure,is_arrival,metric_offset,via_points) VALUES(2814749767106571,3377699720880573,2533274790397694,4,1,1,17641.0,'');
REPLACE INTO t010_line_stops(id,physical_stop_id,line_id,rank_in_path,is_departure,is_arrival,metric_offset,via_points) VALUES(2814749767106572,3377699720880582,2533274790397695,0,1,1,17641.0,'');
REPLACE INTO t010_line_stops(id,physical_stop_id,line_id,rank_in_path,is_departure,is_arrival,metric_offset,via_points) VALUES(2814749767106573,3377699720880576,2533274790397695,1,1,1,17641.0,'');
REPLACE INTO t010_line_stops(id,physical_stop_id,line_id,rank_in_path,is_departure,is_arrival,metric_offset,via_points) VALUES(2814749767106574,3377699720880583,2533274790397695,2,1,1,17641.0,'');
REPLACE INTO t010_line_stops(id,physical_stop_id,line_id,rank_in_path,is_departure,is_arrival,metric_offset,via_points) VALUES(2814749767106575,3377699720880577,2533274790397695,3,1,1,75457.0,'');
REPLACE INTO t010_line_stops(id,physical_stop_id,line_id,rank_in_path,is_departure,is_arrival,metric_offset,via_points) VALUES(2814749767106576,3377699720880584,2533274790397695,4,1,1,75957.0,'');
REPLACE INTO t010_line_stops(id,physical_stop_id,line_id,rank_in_path,is_departure,is_arrival,metric_offset,via_points) VALUES(2814749767106577,3377699720880576,2533274790397695,5,1,1,76457.0,'');
REPLACE INTO t012_physical_stops(id,name,place_id,x,y) VALUES(3377699720880573,'City1-Stop1-Phy1',1970324837184593,523265.0,1845342.0);
REPLACE INTO t012_physical_stops(id,name,place_id,x,y) VALUES(3377699720880574,'City1-Stop2-Phy1',1970324837184594,0.0,0.0);
REPLACE INTO t012_physical_stops(id,name,place_id,x,y) VALUES(3377699720880575,'City1-Stop2-Phy2',1970324837184594,528671.0,1845899.0);
REPLACE INTO t012_physical_stops(id,name,place_id,x,y) VALUES(3377699720880576,'City2-Stop1-Phy1',1970324837184594,528534.0,1846071.0);
REPLACE INTO t012_physical_stops(id,name,place_id,x,y) VALUES(3377699720880577,'City3-Stop1-Phy1',1970324837184596,528571.0,1845865.0);
REPLACE INTO t012_physical_stops(id,name,place_id,x,y) VALUES(3377699720880578,'City3-Stop1-Phy2',1970324837184596,528544.0,1845879.0);
REPLACE INTO t012_physical_stops(id,name,place_id,x,y) VALUES(3377699720880579,'City3-Stop2-Phy1',1970324837184597,0.0,0.0);
REPLACE INTO t012_physical_stops(id,name,place_id,x,y) VALUES(3377699720880580,'City3-Stop2-Phy2',1970324837184597,0.0,0.0);
REPLACE INTO t012_physical_stops(id,name,place_id,x,y) VALUES(3377699720880581,'City3-Stop3-Phy1',1970324837184598,528832.0,1845885.0);
REPLACE INTO t012_physical_stops(id,name,place_id,x,y) VALUES(3377699720880582,'City3-Stop3-Phy2',1970324837184598,528798.0,1845854.0);
REPLACE INTO t012_physical_stops(id,name,place_id,x,y) VALUES(3377699720880583,'City3-Stop4-Phy1',1970324837184599,528810.0,1845865.0);
REPLACE INTO t012_physical_stops(id,name,place_id,x,y) VALUES(3377699720880584,'City3-Stop4-Phy2',1970324837184599,528820.0,1845874.0);
REPLACE INTO t012_physical_stops(id,name,place_id,x,y) VALUES(3377699720880585,'City3-Stop4-Phy3',1970324837184599,528819.0,1845798.0);
REPLACE INTO t016_scheduled_services VALUES(4785074604183667,'1','00:00:00#00:07:05,00:07:10#00:07:10,00:07:14#00:07:13,00:07:15#00:00:00',2533274790397692,0,0,0,0);
REPLACE INTO t016_scheduled_services VALUES(4785074604183668,'3','00:00:00#00:13:05,00:13:10#00:13:10,00:13:14#00:13:13,00:13:15#00:00:00',2533274790397692,0,0,0,0);
REPLACE INTO t016_scheduled_services VALUES(4785074604183675,'5','00:00:00#00:18:05,00:18:10#00:18:10,00:18:14#00:18:13,00:18:15#00:00:00',2533274790397692,0,0,0,0);
REPLACE INTO t017_continuous_services VALUES(4785074604214097,'','00:00:00#00:19:22,00:19:24#00:19:23,00:19:25#00:19:24,00:19:26#00:00:00',2533274790397692,120,5,0,0,0);
REPLACE INTO t022_transport_networks VALUES(6192449487677434,'Network1');
REPLACE INTO t022_transport_networks VALUES(6192449487677437,'Network2');
REPLACE INTO t042_commercial_lines VALUES(11821949021891553,6192449487677434,'Network1-CommLine1','1.1','','rouge','rouge','');
REPLACE INTO t042_commercial_lines VALUES(11821949021891554,6192449487677434,'Network1-CommLine2','1.2','le train (ligne C)','orange','orange','');
REPLACE INTO t042_commercial_lines VALUES(11821949021891555,6192449487677434,'Network1-CommLine3','1.3','','jaune','jaune','');
REPLACE INTO t042_commercial_lines VALUES(11821949021891562,6192449487677437,'Network2-CommLine1','2.1','','jaune','jaune','');
COMMIT;
