BEGIN TRANSACTION;

DELETE FROM t004_axes;
INSERT INTO t004_axes VALUES(1125899906844436,'Test axis 1, non free, allowed',0,1);
INSERT INTO t004_axes VALUES(1125899906844499,'Test axis 2, non free, allowed',0,1);
INSERT INTO t004_axes VALUES(1125899906844501,'Test axis 3, free, allowed',1,1);
INSERT INTO t004_axes VALUES(1125899906844502,'Test axis 4, non free, non allowed',0,0);

DELETE FROM t005_service_dates;

DELETE FROM t006_cities;
INSERT INTO t006_cities(id,name) VALUES(1688849860508968,'City68é');
INSERT INTO t006_cities(id,name) VALUES(1688849860509006,'City6é');
INSERT INTO t006_cities(id,name) VALUES(1688849860509012,'City12é');

DELETE FROM t007_connection_places;
DELETE FROM t012_physical_stops;
DELETE FROM t002_addresses;
DELETE FROM t043_crossings;

INSERT INTO t007_connection_places VALUES(1970324837184593,'93',1688849860508968,2,1,8,'562949953421389:3377699720880573:0',"","");
INSERT INTO t012_physical_stops(id,name,place_id,x,y) VALUES(3377699720880573,'93/73',1970324837184593,523265.0,1845342.0);
INSERT INTO t002_addresses(id,place_id,road_id,metric_offset,x,y) VALUES(562949953421389,1970324837184593,4222124650659840,200,523265.0,1845342.0);
INSERT INTO t002_addresses(id,place_id,road_id,metric_offset,x,y) VALUES(562949953421489,1970324837184593,4222124650659940,0,523265.0,1845342.0);

INSERT INTO t007_connection_places VALUES(1970324837184594,'94',1688849860508968,3,0,8,'3377699720880574:3377699720880575:11,3377699720880575:3377699720880574:12',"","");
INSERT INTO t012_physical_stops(id,name,place_id,x,y) VALUES(3377699720880574,'94/74',1970324837184594,0.0,0.0);
INSERT INTO t012_physical_stops(id,name,place_id,x,y) VALUES(3377699720880575,'94/75',1970324837184594,528671.0,1845899.0);
INSERT INTO t002_addresses(id,place_id,road_id,metric_offset,x,y) VALUES(562949953421374,1970324837184594,4222124650659841,1100,528671.0,1845899.0);
INSERT INTO t002_addresses(id,place_id,road_id,metric_offset,x,y) VALUES(562949953421474,1970324837184594,4222124650659941,2400,528671.0,1845899.0);

INSERT INTO t007_connection_places VALUES(1970324837184595,'95',1688849860509006,0,0,8,'',"","");
INSERT INTO t012_physical_stops(id,name,place_id,x,y) VALUES(3377699720880576,'95/76',1970324837184595,528534.0,1846071.0);

INSERT INTO t007_connection_places VALUES(1970324837184596,'96',1688849860509012,3,0,8,'',"","");
INSERT INTO t012_physical_stops(id,name,place_id,x,y) VALUES(3377699720880577,'96/77',1970324837184596,528571.0,1845865.0);
INSERT INTO t012_physical_stops(id,name,place_id,x,y) VALUES(3377699720880578,'96/78',1970324837184596,528544.0,1845879.0);

INSERT INTO t007_connection_places VALUES(1970324837184597,'97',1688849860509012,3,1,8,'',"","");
INSERT INTO t012_physical_stops(id,name,place_id,x,y) VALUES(3377699720880579,'97/79',1970324837184597,0.0,0.0);
INSERT INTO t012_physical_stops(id,name,place_id,x,y) VALUES(3377699720880580,'97/80',1970324837184597,528798.0,1845885.0);

INSERT INTO t007_connection_places VALUES(1970324837184598,'98',1688849860509012,3,0,8,'',"","");
INSERT INTO t012_physical_stops(id,name,place_id,x,y) VALUES(3377699720880581,'98/81',1970324837184598,528832.0,1845885.0);
INSERT INTO t012_physical_stops(id,name,place_id,x,y) VALUES(3377699720880582,'98/82',1970324837184598,528798.0,1845854.0);
INSERT INTO t002_addresses(id,place_id,road_id,metric_offset,x,y) VALUES(562949953421391,1970324837184598,4222124650659841,1900,523265.0,1845342.0);
INSERT INTO t002_addresses(id,place_id,road_id,metric_offset,x,y) VALUES(562949953421491,1970324837184598,4222124650659941,1600,523265.0,1845342.0);

INSERT INTO t007_connection_places VALUES(1970324837184599,'99é',1688849860509012,5,1,8,'3377699720880585:562949953421390:0,562949953421390:3377699720880585:0',"","");
INSERT INTO t012_physical_stops(id,name,place_id,x,y) VALUES(3377699720880583,'99/83',1970324837184599,528810.0,1845865.0);
INSERT INTO t012_physical_stops(id,name,place_id,x,y) VALUES(3377699720880584,'99/84',1970324837184599,528820.0,1845874.0);
INSERT INTO t012_physical_stops(id,name,place_id,x,y) VALUES(3377699720880585,'99/85',1970324837184599,528819.0,1845798.0);
INSERT INTO t002_addresses(id,place_id,road_id,metric_offset,x,y) VALUES(562949953421390,1970324837184599,4222124650659841,3500,523265.0,1845342.0);
INSERT INTO t002_addresses(id,place_id,road_id,metric_offset,x,y) VALUES(562949953421490,1970324837184599,4222124650659941,0,523265.0,1845342.0);

INSERT INTO t043_crossings(id,city_id) VALUES(12103423998558301,1688849860508968);
INSERT INTO t002_addresses(id,place_id,road_id,metric_offset,x,y) VALUES(562949953421386,12103423998558301,4222124650659840,0,523265.0,1845342.0);
INSERT INTO t002_addresses(id,place_id,road_id,metric_offset,x,y) VALUES(562949953421387,12103423998558301,4222124650659841,300,523265.0,1845342.0);
INSERT INTO t002_addresses(id,place_id,road_id,metric_offset,x,y) VALUES(562949953421486,12103423998558301,4222124650659940,200,523265.0,1845342.0);
INSERT INTO t002_addresses(id,place_id,road_id,metric_offset,x,y) VALUES(562949953421487,12103423998558301,4222124650659941,3200,523265.0,1845342.0);

INSERT INTO t007_connection_places VALUES(1970324837184602,'02',1688849860508968,1,1,2,'',"","");
INSERT INTO t002_addresses(id,place_id,road_id,metric_offset,x,y) VALUES(562949953421388,1970324837184602,4222124650659841,0,523265.0,1845342.0);
INSERT INTO t002_addresses(id,place_id,road_id,metric_offset,x,y) VALUES(562949953421488,1970324837184602,4222124650659941,3500,523265.0,1845342.0);


DELETE FROM t008_fares;

DELETE FROM t009_lines;
DELETE FROM t010_line_stops;
DELETE FROM t042_commercial_lines;
DELETE FROM t016_scheduled_services;
DELETE FROM t017_continuous_services;

INSERT INTO t042_commercial_lines VALUES(11821949021891553,6192449487677434,'Network1-CommLine1','92','','vertfonce','vertfonce','','');
INSERT INTO t009_lines VALUES(2533274790397692,11821949021891553,1125899906844436,'Network1-Line1',' 1.1','',0,1,1,1,0,2251799814850473,0,0,0,0,0);
INSERT INTO t010_line_stops VALUES(2814749767106563,3377699720880573,2533274790397692,0,1,0,0.0,'');
INSERT INTO t010_line_stops VALUES(2814749767106561,3377699720880575,2533274790397692,1,1,0,5500.0,'');
INSERT INTO t010_line_stops VALUES(2814749767106562,3377699720880579,2533274790397692,2,1,1,6500.0,'');
INSERT INTO t010_line_stops VALUES(2814749767106560,3377699720880585,2533274790397692,3,0,1,6500.0,'');

INSERT INTO t016_scheduled_services VALUES(4785074604183667,'1','00:00:00#00:07:05,00:07:10#00:07:10,00:07:15#00:07:14,00:07:15#00:00:00',2533274790397692,0,0,0,0,"A");
INSERT INTO t005_service_dates VALUES(1407374883553280,4785074604183667,date('now'));
INSERT INTO t005_service_dates VALUES(1407374883553281,4785074604183667,date('now','+1 day'));
INSERT INTO t005_service_dates VALUES(1407374883553282,4785074604183667,date('now','+2 days'));

INSERT INTO t017_continuous_services VALUES(4785074604214097,'','00:00:00#00:19:22,00:19:30#00:19:30,00:19:42#00:19:41,00:19:49#00:00:00',2533274790397692,60,5,0,0,0);
INSERT INTO t005_service_dates VALUES(1407374883553286,4785074604214097,date('now'));
INSERT INTO t005_service_dates VALUES(1407374883553287,4785074604214097,date('now','+1 day'));

INSERT INTO t016_scheduled_services VALUES(4785074604183668,'1','00:00:00#00:22:00,00:22:10#00:22:10,00:22:20#00:22:20,00:22:25#00:00:00',2533274790397692,0,0,0,0,"C");
INSERT INTO t005_service_dates VALUES(1407374883553288,4785074604183668,date('now'));
INSERT INTO t005_service_dates VALUES(1407374883553289,4785074604183668,date('now','+1 day'));


INSERT INTO t042_commercial_lines VALUES(11821949021891554,6192449487677434,'Network1-CommLine2','93','le train (ligne C)','bleuclair','bleuclair','','');
INSERT INTO t009_lines VALUES(2533274790397693,11821949021891554,1125899906844436,'Network1-Line2',' 1.2','',0,1,1,1,0,2251799814850473,0,0,0,0,0);
INSERT INTO t010_line_stops VALUES(2814749767106564,3377699720880573,2533274790397693,0,1,0,6500.0,'');
INSERT INTO t010_line_stops VALUES(2814749767106565,3377699720880581,2533274790397693,1,1,1,12141.0,'');
INSERT INTO t010_line_stops VALUES(2814749767106566,3377699720880575,2533274790397693,2,0,1,12141.0,'');

INSERT INTO t016_scheduled_services VALUES(4785074604183676,'7','00:00:00#00:09:00,00:09:10#00:09:11,00:09:20#00:00:00',2533274790397693,0,0,0,0,"D");
INSERT INTO t005_service_dates VALUES(1407374883553285,4785074604183676,date('now'));
INSERT INTO t005_service_dates VALUES(1407374883553284,4785074604183676,date('now','+1 day'));


INSERT INTO t042_commercial_lines VALUES(11821949021891555,6192449487677434,'Network1-CommLine3','94','','orange','orange','','1970324837184599');
INSERT INTO t009_lines VALUES(2533274790397694,11821949021891555,1125899906844499,'Network1-Line3',' 1.3','',0,1,1,1,0,2251799814850473,0,0,0,0,5910974511914805);
INSERT INTO t010_line_stops VALUES(2814749767106567,3377699720880583,2533274790397694,0,1,0,14141.0,'');
INSERT INTO t010_line_stops VALUES(2814749767106569,3377699720880585,2533274790397694,1,1,1,15141.0,'');
INSERT INTO t010_line_stops VALUES(2814749767106571,3377699720880580,2533274790397694,2,1,1,16141.0,'');
INSERT INTO t010_line_stops VALUES(2814749767106570,3377699720880576,2533274790397694,3,1,1,17141.0,'');
INSERT INTO t010_line_stops VALUES(2814749767106568,3377699720880573,2533274790397694,4,0,1,17641.0,'');

INSERT INTO t016_scheduled_services VALUES(4785074604183678,'11','00:00:00#00:20:00,00:20:05#00:20:06,00:20:10#00:20:11,00:20:15#00:20:15,00:20:20#00:00:00',2533274790397694,0,0,0,0,"F");
INSERT INTO t005_service_dates VALUES(1407374883553291,4785074604183678,date('now'));
INSERT INTO t005_service_dates VALUES(1407374883553292,4785074604183678,date('now','+1 day'));

INSERT INTO t016_scheduled_services VALUES(4785074604183682,'13','00:00:00#00:21:00,00:21:05#00:21:06,00:21:10#00:21:11,00:21:15#00:21:15,00:21:20#00:00:00',2533274790397694,0,0,0,0,"F");
INSERT INTO t005_service_dates VALUES(1407374883553300,4785074604183682,date('now'));
INSERT INTO t005_service_dates VALUES(1407374883553301,4785074604183682,date('now','+1 day'));


INSERT INTO t042_commercial_lines VALUES(11821949021891562,6192449487677437,'Network2-CommLine1','95','','rouge','rouge','','');
INSERT INTO t009_lines VALUES(2533274790397695,11821949021891562,1125899906844501,'Network2-Line1',' 2.1','',0,1,1,1,0,2251799814850473,0,0,0,0,0);
INSERT INTO t010_line_stops VALUES(2814749767106572,3377699720880575,2533274790397695,0,1,0,17641.0,'');
INSERT INTO t010_line_stops VALUES(2814749767106573,3377699720880584,2533274790397695,1,0,1,17641.0,'');

INSERT INTO t016_scheduled_services VALUES(4785074604183677,'9','00:00:00#00:10:05,00:10:10#00:00:00',2533274790397695,0,0,0,0,"E");
INSERT INTO t005_service_dates VALUES(1407374883553290,4785074604183677,date('now'));
INSERT INTO t005_service_dates VALUES(1407374883553293,4785074604183677,date('now','+1 day'));

INSERT INTO t016_scheduled_services VALUES(4785074604183681,'10','00:00:00#00:12:05,00:12:10#00:00:00',2533274790397695,0,0,0,0,"E");
INSERT INTO t005_service_dates VALUES(1407374883553298,4785074604183681,date('now'));
INSERT INTO t005_service_dates VALUES(1407374883553299,4785074604183681,date('now','+1 day'));


INSERT INTO t042_commercial_lines VALUES(11821949021891563,6192449487677437,'Network2-CommLine2','96','','jaune','jaune','','');
INSERT INTO t009_lines VALUES(2533274790397696,11821949021891563,1125899906844501,'Network2-Line2',' 96','',0,1,1,1,0,2251799814850473,0,0,0,0,0);
INSERT INTO t010_line_stops VALUES(2814749767106574,3377699720880579,2533274790397696,0,1,0,17641.0,'');
INSERT INTO t010_line_stops VALUES(2814749767106575,3377699720880585,2533274790397696,1,0,1,17641.0,'');

INSERT INTO t016_scheduled_services VALUES(4785074604183679,'13','00:00:00#00:19:55,00:20:05#00:00:00',2533274790397696,0,0,0,0,"G");
INSERT INTO t005_service_dates VALUES(1407374883553297,4785074604183679,date('now'));
INSERT INTO t005_service_dates VALUES(1407374883553294,4785074604183679,date('now','+1 day'));

INSERT INTO t016_scheduled_services VALUES(4785074604183680,'14','00:00:00#00:20:00,00:20:25#00:00:00',2533274790397696,0,0,0,0,"H");
INSERT INTO t005_service_dates VALUES(1407374883553295,4785074604183680,date('now'));
INSERT INTO t005_service_dates VALUES(1407374883553296,4785074604183680,date('now','+1 day'));

DELETE FROM t015_roads;
DELETE FROM t014_road_chunks;
INSERT INTO t015_roads(id,name,city_id) VALUES(4222124650659841,'41i',1688849860508968);
INSERT INTO t014_road_chunks(id,address_id,rank_in_path,is_departure,is_arrival) VALUES(3940649673949184,562949953421388,0,1,0);
INSERT INTO t014_road_chunks(id,address_id,rank_in_path,is_departure,is_arrival) VALUES(3940649673949185,562949953421387,1,1,1);
INSERT INTO t014_road_chunks(id,address_id,rank_in_path,is_departure,is_arrival) VALUES(3940649673949186,562949953421374,2,1,1);
INSERT INTO t014_road_chunks(id,address_id,rank_in_path,is_departure,is_arrival) VALUES(3940649673949189,562949953421391,3,1,1);
INSERT INTO t014_road_chunks(id,address_id,rank_in_path,is_departure,is_arrival) VALUES(3940649673949190,562949953421390,4,0,1);

INSERT INTO t015_roads(id,name,city_id) VALUES(4222124650659941,'41p',1688849860508968);
INSERT INTO t014_road_chunks(id,address_id,rank_in_path,is_departure,is_arrival) VALUES(3940649673949284,562949953421490,0,1,0);
INSERT INTO t014_road_chunks(id,address_id,rank_in_path,is_departure,is_arrival) VALUES(3940649673949285,562949953421491,1,1,1);
INSERT INTO t014_road_chunks(id,address_id,rank_in_path,is_departure,is_arrival) VALUES(3940649673949286,562949953421474,2,1,1);
INSERT INTO t014_road_chunks(id,address_id,rank_in_path,is_departure,is_arrival) VALUES(3940649673949289,562949953421487,3,1,1);
INSERT INTO t014_road_chunks(id,address_id,rank_in_path,is_departure,is_arrival) VALUES(3940649673949290,562949953421488,4,0,1);


INSERT INTO t015_roads(id,name,city_id) VALUES(4222124650659840,'40i',1688849860508968);
INSERT INTO t014_road_chunks(id,address_id,rank_in_path,is_departure,is_arrival) VALUES(3940649673949187,562949953421386,0,1,0);
INSERT INTO t014_road_chunks(id,address_id,rank_in_path,is_departure,is_arrival) VALUES(3940649673949188,562949953421389,1,0,1);

INSERT INTO t015_roads(id,name,city_id) VALUES(4222124650659940,'40p',1688849860508968);
INSERT INTO t014_road_chunks(id,address_id,rank_in_path,is_departure,is_arrival) VALUES(3940649673949287,562949953421489,0,1,0);
INSERT INTO t014_road_chunks(id,address_id,rank_in_path,is_departure,is_arrival) VALUES(3940649673949288,562949953421486,1,0,1);


DELETE FROM t011_place_aliases;


DELETE FROM t013_public_places;





DELETE FROM t018_pedestrian_compliances;

DELETE FROM t019_handicapped_compliances;

DELETE FROM t020_bike_compliances;

DELETE FROM t021_reservation_rules;
DELETE FROM t047_online_reservation_rules;

DELETE FROM t022_transport_networks;
INSERT INTO t022_transport_networks VALUES(6192449487677434,'Network1');
INSERT INTO t022_transport_networks VALUES(6192449487677437,'Network2');

REPLACE INTO t021_reservation_rules(id,reservation_type,online,origin_is_reference,min_delay_minutes,min_delay_days,max_delay_days,hour_deadline,phone_exchange_number,phone_exchange_opening_hours,description,web_site_url) 
	VALUES(5910974511914805,1,1,0,10,0,0,"23:59:00","0800 929 929 (gratuit depuis un poste fixe) ou 05 34 25 33 75","entre 6h30 et 22h30","Test","");
REPLACE INTO t047_online_reservation_rules(id,reservation_rule_id,email,copy_email,needs_surname,needs_address,needs_phone,needs_email,needs_customer_number,max_seat,thresholds)
	VALUES(13229323905400833,5910974511914805,'','',0,0,1,0,0,1000,'');

COMMIT;
