BEGIN TRANSACTION;
DELETE FROM t000_environments;
INSERT INTO t000_environments VALUES(1,'Test environment 1');

DELETE FROM t004_axes;
INSERT INTO t004_axes VALUES(1125899906844436,'Test axis 1, non free, allowed',0,1);
INSERT INTO t004_axes VALUES(1125899906844499,'Test axis 2, non free, allowed',0,1);
INSERT INTO t004_axes VALUES(1125899906844501,'Test axis 3, free, allowed',1,1);
INSERT INTO t004_axes VALUES(1125899906844502,'Test axis 4, non free, non allowed',0,0);

DELETE FROM t005_service_dates;

DELETE FROM t006_cities;
INSERT INTO t006_cities VALUES(1688849860508968,'CITY1-nomain');
INSERT INTO t006_cities VALUES(1688849860509006,'CITY2-onlymain');
INSERT INTO t006_cities VALUES(1688849860509012,'CITY3-twomains');

DELETE FROM t007_connection_places;
INSERT INTO t007_connection_places VALUES(1970324837184593,'City1-Stop1-forbidden',1688849860508968,0,0,8,'',NULL);
INSERT INTO t007_connection_places VALUES(1970324837184594,'City1-Stop2-lineline',1688849860508968,3,0,8,'(1:2:11),(2:1:12)',NULL);
INSERT INTO t007_connection_places VALUES(1970324837184595,'City2-Stop1-forbidden-main',1688849860509006,0,1,8,'',NULL);
INSERT INTO t007_connection_places VALUES(1970324837184596,'City3-Stop1-lineline',1688849860509012,3,0,8,'',NULL);
INSERT INTO t007_connection_places VALUES(1970324837184597,'City3-Stop2-lineline-main',1688849860509012,3,1,8,'',NULL);
INSERT INTO t007_connection_places VALUES(1970324837184598,'City3-Stop3-lineline',1688849860509012,3,0,8,'',NULL);
INSERT INTO t007_connection_places VALUES(1970324837184599,'City3-Stop4-recommended-main',1688849860509012,5,1,8,'(1:1:5),(1:2:5),(2:1:5),(2:2:5)',NULL);

DELETE FROM t012_physical_stops;
INSERT INTO t012_physical_stops(id,name,place_id,x,y) VALUES(3377699720880573,'City1-Stop1-Phy1',1970324837184593,523265.0,1845342.0);

INSERT INTO t012_physical_stops(id,name,place_id,x,y) VALUES(3377699720880574,'City1-Stop2-Phy1',1970324837184594,0.0,0.0);
INSERT INTO t012_physical_stops(id,name,place_id,x,y) VALUES(3377699720880575,'City1-Stop2-Phy2',1970324837184594,528671.0,1845899.0);

INSERT INTO t012_physical_stops(id,name,place_id,x,y) VALUES(3377699720880576,'City2-Stop1-Phy1',1970324837184595,528534.0,1846071.0);

INSERT INTO t012_physical_stops(id,name,place_id,x,y) VALUES(3377699720880577,'City3-Stop1-Phy1',1970324837184596,528571.0,1845865.0);
INSERT INTO t012_physical_stops(id,name,place_id,x,y) VALUES(3377699720880578,'City3-Stop1-Phy2',1970324837184596,528544.0,1845879.0);

INSERT INTO t012_physical_stops(id,name,place_id,x,y) VALUES(3377699720880579,'City3-Stop2-Phy1',1970324837184597,0.0,0.0);
INSERT INTO t012_physical_stops(id,name,place_id,x,y) VALUES(3377699720880580,'City3-Stop2-Phy2',1970324837184597,0.0,0.0);

INSERT INTO t012_physical_stops(id,name,place_id,x,y) VALUES(3377699720880581,'City3-Stop3-Phy1',1970324837184598,528832.0,1845885.0);
INSERT INTO t012_physical_stops(id,name,place_id,x,y) VALUES(3377699720880582,'City3-Stop3-Phy2',1970324837184598,528798.0,1845854.0);

INSERT INTO t012_physical_stops(id,name,place_id,x,y) VALUES(3377699720880583,'City3-Stop4-Phy1',1970324837184599,528810.0,1845865.0);
INSERT INTO t012_physical_stops(id,name,place_id,x,y) VALUES(3377699720880584,'City3-Stop4-Phy2',1970324837184599,528820.0,1845874.0);
INSERT INTO t012_physical_stops(id,name,place_id,x,y) VALUES(3377699720880585,'City3-Stop4-Phy3',1970324837184599,528819.0,1845798.0);


DELETE FROM t008_fares;

DELETE FROM t009_lines;
INSERT INTO t009_lines VALUES(2533274790397692,11821949021891553,1125899906844436,'Network1-Line1',' 1.1','',0,1,1,1,0,2251799814850473,0,0,0,0,0);
INSERT INTO t009_lines VALUES(2533274790397693,11821949021891554,1125899906844436,'Network1-Line2',' 1.2','',0,1,1,1,0,2251799814850473,0,0,0,0,0);
INSERT INTO t009_lines VALUES(2533274790397694,11821949021891555,1125899906844499,'Network1-Line3',' 1.3','',0,1,1,1,0,2251799814850473,0,0,0,0,0);
INSERT INTO t009_lines VALUES(2533274790397695,11821949021891562,1125899906844501,'Network2-Line1',' 2.1','',0,1,1,1,0,2251799814850473,0,0,0,0,0);

DELETE FROM t010_line_stops;
INSERT INTO t010_line_stops VALUES(2814749767106560,3377699720880573,2533274790397692,0,1,0,0.0,'');
INSERT INTO t010_line_stops VALUES(2814749767106561,3377699720880575,2533274790397692,1,1,1,5500.0,'');
INSERT INTO t010_line_stops VALUES(2814749767106562,3377699720880579,2533274790397692,2,1,1,6500.0,'');
INSERT INTO t010_line_stops VALUES(2814749767106563,3377699720880585,2533274790397692,3,1,1,6500.0,'');

INSERT INTO t010_line_stops VALUES(2814749767106564,3377699720880573,2533274790397693,0,1,1,6500.0,'');
INSERT INTO t010_line_stops VALUES(2814749767106565,3377699720880581,2533274790397693,1,1,1,12141.0,'');
INSERT INTO t010_line_stops VALUES(2814749767106566,3377699720880575,2533274790397693,2,1,1,12141.0,'');

INSERT INTO t010_line_stops VALUES(2814749767106567,3377699720880583,2533274790397694,0,1,1,14141.0,'');
INSERT INTO t010_line_stops VALUES(2814749767106568,3377699720880585,2533274790397694,1,1,1,15141.0,'');
INSERT INTO t010_line_stops VALUES(2814749767106569,3377699720880580,2533274790397694,2,1,1,16141.0,'');
INSERT INTO t010_line_stops VALUES(2814749767106570,3377699720880576,2533274790397694,3,1,1,17141.0,'');
INSERT INTO t010_line_stops VALUES(2814749767106571,3377699720880573,2533274790397694,4,1,1,17641.0,'');

INSERT INTO t010_line_stops VALUES(2814749767106572,3377699720880575,2533274790397695,0,1,1,17641.0,'');
INSERT INTO t010_line_stops VALUES(2814749767106573,3377699720880584,2533274790397695,1,1,1,17641.0,'');

DELETE FROM t011_place_aliases;


DELETE FROM t013_public_places;

DELETE FROM t014_road_chunks;

DELETE FROM t015_roads;

DELETE FROM t016_scheduled_services;
INSERT INTO t016_scheduled_services VALUES(4785074604183667,'1','00:00:00#00:07:05,00:07:10#00:07:10,00:07:15#00:07:14,00:07:15#00:00:00',2533274790397692,0,0,0,0);
INSERT INTO t005_service_dates VALUES(1407374883553280,4785074604183667,date('now'));
INSERT INTO t005_service_dates VALUES(1407374883553281,4785074604183667,date('now','+1 day'));
INSERT INTO t005_service_dates VALUES(1407374883553282,4785074604183667,date('now','+2 days'));

INSERT INTO t016_scheduled_services VALUES(4785074604183676,'7','00:00:00#00:09:00,00:09:10#00:09:11,00:09:20#00:00:00',2533274790397693,0,0,0,0);
INSERT INTO t005_service_dates VALUES(1407374883553285,4785074604183676,date('now'));

INSERT INTO t016_scheduled_services VALUES(4785074604183677,'9','00:00:00#00:10:05,00:10:10#00:00:00',2533274790397695,0,0,0,0);
INSERT INTO t005_service_dates VALUES(1407374883553290,4785074604183677,date('now'));

DELETE FROM t017_continuous_services;
INSERT INTO t017_continuous_services VALUES(4785074604214097,'','00:00:00#00:19:22,00:19:30#00:19:30,00:19:42#00:19:41,00:19:44#00:00:00',2533274790397692,60,5,0,0,0);
INSERT INTO t005_service_dates VALUES(1407374883553286,4785074604214097,date('now'));
INSERT INTO t005_service_dates VALUES(1407374883553287,4785074604214097,date('now','+2 days'));

DELETE FROM t018_pedestrian_compliances;

DELETE FROM t019_handicapped_compliances;

DELETE FROM t020_bike_compliances;

DELETE FROM t021_reservation_rules;

DELETE FROM t022_transport_networks;
INSERT INTO t022_transport_networks VALUES(6192449487677434,'Network1');
INSERT INTO t022_transport_networks VALUES(6192449487677437,'Network2');

DELETE FROM t025_sites;
INSERT INTO t025_sites VALUES(1,'test',2,'','',1,0,NULL);

DELETE FROM t042_commercial_lines;
INSERT INTO t042_commercial_lines VALUES(11821949021891553,6192449487677434,'Network1-CommLine1','1.1','','blanc','blanc','ter');
INSERT INTO t042_commercial_lines VALUES(11821949021891554,6192449487677434,'Network1-CommLine2','1.2','le train (ligne C)','orange','orange','');
INSERT INTO t042_commercial_lines VALUES(11821949021891555,6192449487677434,'Network1-CommLine3','1.3','','jaune','jaune','');
INSERT INTO t042_commercial_lines VALUES(11821949021891562,6192449487677437,'Network2-CommLine1','2.1','','jaune','jaune','');

COMMIT;
